Workbook
Name _5x5__ages: #REF!
Name _5x5__ages: #REF!
Name AthleteIDs: Athletes!$A$2:$A$40
Name BarWeight: [2]Questions!$C$7
Name BBBPercentage: [2]Questions!$C$11
Name Category: #REF!
Name Category: #REF!
Name DayFour: [2]Questions!$R$11
Name DayOne: [2]Questions!$R$8
Name DayThree: [2]Questions!$R$10
Name DayTwo: [2]Questions!$R$9
Name EventsList: Lists!$B$2:$B$5
Name ExFour: [2]Questions!$C$18
Name ExOne: [2]Questions!$C$15
Name ExThree: [2]Questions!$C$17
Name ExTwo: [2]Questions!$C$16
Name IncrFour: [2]Questions!$C$31
Name IncrOne: [2]Questions!$C$28
Name IncrThree: [2]Questions!$C$30
Name IncrTwo: [2]Questions!$C$29
Name LiftsList: Lists!$F$2:$F$16
Name MaxNames: 'Max Master'!$B$4:$B$43
Name Names: #REF!
Name Names: #REF!
Name PERCENTAGES: [3]Categories!#REF!
Name RMFour: [2]Questions!$I$24
Name RMOne: [2]Questions!$I$21
Name RMThree: [2]Questions!$I$23
Name RMTwo: [2]Questions!$I$22
Name Rounding: [2]Questions!$C$9
Name SetRep: [3]Categories!$R$3:$R$59
Name SetxRep: [3]Categories!#REF!
Name StatusList: Lists!$D$2:$D$4
Name TblSetRep: [3]Categories!#REF!
Name TeamsList: Lists!$A$2:$A$7
Name TEST1: #REF!
Name TEST1: #REF!
Name WeightFormat: [2]Questions!$E$8
Name YNList: Lists!$C$2:$C$3

Sheet Instructions
B1: THROWERS R US — ANNUAL PLAN & ATHLETE MONITORING SYSTEM
B2: 21st 'Coming of Age' Season and beyond | H. Michael Vassell | jamthrows@gmail.com
B5: HOW THIS WORKBOOK WORKS
B6: This file is the single database for your throws programme. Upload it to Google Drive, open it as a Google Sheet, and connect it to AppSheet. Athletes submit weekly results from their phones through the AppSheet app; the data lands in the 'Weekly Results' tab and every report updates automatically.
B8: TAB GUIDE
B9: 1. Athletes — the master roster. One row per thrower, tagged by team, with baseline numbers (start-of-season throw distance, squat, bench, power clean) and PBs. Sample athletes are included — replace with your real roster.
B10: 2. Annual Plan — a 52-week periodised season template (GPP → SPP → Pre-Comp → Competition → Peak → Nationals → Transition → Recovery). Change the Season Start date at the top and every week re-dates itself. Edit phases/focus to suit each group.
B11: 3. Meet Schedule — update this weekly as fixtures are confirmed. It feeds the meet dropdown in AppSheet so athletes can tag competition results.
B12: 4. Weekly Results — the data table AppSheet writes to. One row per athlete per week: best throw plus top sets for squat, bench and power clean, RPE, and whether it was a meet result. Sample rows included for demonstration — delete once live.
B13: 5. Athlete Report — pick any Athlete ID from the dropdown to see this week vs last week for every metric, with ▲/▼ improvement flags, comparison to baseline, season best, and a 16-week trend table.
B14: 6. Monthly Summary — pick an athlete and see best/average performance month by month across the season.
B15: 7. Squad Overview — the annual report: every athlete's baseline vs season best, gains in metres and %, best lifts, last log date, and an overall Improving/Declining flag. Sortable by team.
... B43: • Workflow: test maxes → enter in Max Master → athletes' programmes generate → athletes log best working sets weekly via AppSheet → reports show whether the throws are responding to the lifting.

Sheet Lists
A1: Teams | B1: Events | C1: Y/N | D1: Status | E1: Phases | F1: Core Lifts
A2: Excelsior High | B2: Shot Put | C2: Y | D2: Active | E2: General Preparation (GPP) | F2: WIDE BENCH PRESS
A3: UTech | B3: Discus | C3: N | D3: Injured | E3: Specific Preparation (SPP) | F3: BACK PRESS
A4: Throwers R Us | B4: Javelin | D4: Inactive | E4: Pre-Competition | F4: SQUATS
A5: ACE Track Club | B5: Hammer | E5: Competition 1 | F5: CLEANS
A6: UWI | E6: Peak / Championships | F6: SNATCH
A7: Other | E7: Competition 2 / Nationals | F7: DEADLIFTS
E8: Transition | F8: FRONT SQUATS
E9: Active Rest / Recovery | F9: INCLINE BENCH
F10: FRONT PRESS
F11: CLEAN PRESS, BACK PRESS
F12: OHEAD SQUAT
F13: SQUAT TO BACK PRESS
F14: FRONT SQUAT TO PRESS
F15: CLEAN HI PULL
F16: SNATCH PULL

Sheet Athletes
A1: AthleteID | B1: Name | C1: Team | D1: Sex | E1: Class/Category | F1: Primary Event | G1: Secondary Event | H1: DOB | I1: Coach | J1: Baseline Throw (m) | K1: Baseline Squat (lbs) | L1: Baseline Bench (lbs) | M1: Baseline Clean (lbs) | N1: PB Throw (m) | O1: Status
A2: TRU001 | B2: Sample Athlete A | C2: UTech | D2: M | E2: Open | F2: Shot Put | G2: Discus | H2: 38061 | I2: M. Vassell | J2: 15.2 | K2: 180 | L2: 120 | M2: 100 | N2: 15.85 | O2: Active
A3: TRU002 | B3: Sample Athlete B | C3: Excelsior High | D3: F | E3: Class 1 | F3: Shot Put | G3: Discus | H3: 39996 | I3: M. Vassell | J3: 12.1 | K3: 90 | L3: 55 | M3: 60 | N3: 12.4 | O3: Active
A4: TRU003 | B4: Sample Athlete C | C4: Throwers R Us | D4: M | E4: U20 | F4: Javelin | H4: 39604 | I4: M. Vassell | J4: 54 | K4: 140 | L4: 95 | M4: 85 | N4: 57.2 | O4: Active

Sheet Annual Plan
A1: Season Start (Monday): | C1: 46272 | E1: Change this date and all 52 weeks re-date automatically.
A3: Week # | B3: Week Beginning | C3: Phase | D3: Primary Focus | E3: Throw Sessions | F3: Gym Sessions | G3: Intensity | H3: Volume | I3: Planned Meet | J3: Notes
A4: 1 | B4: =$C$1+(1-1)*7 -> 46272 | C4: General Preparation (GPP) | D4: General strength, work capacity, mobility, multi-throws with light implements, sprint & jump base | E4: 3 | F4: 4 | G4: Low-Mod | H4: High
A5: 2 | B5: =$C$1+(2-1)*7 -> 46279 | C5: General Preparation (GPP) | D5: General strength, work capacity, mobility, multi-throws with light implements, sprint & jump base | E5: 3 | F5: 4 | G5: Low-Mod | H5: High
A6: 3 | B6: =$C$1+(3-1)*7 -> 46286 | C6: General Preparation (GPP) | D6: General strength, work capacity, mobility, multi-throws with light implements, sprint & jump base | E6: 3 | F6: 4 | G6: Low-Mod | H6: High
A7: 4 | B7: =$C$1+(4-1)*7 -> 46293 | C7: General Preparation (GPP) | D7: General strength, work capacity, mobility, multi-throws with light implements, sprint & jump base | E7: 3 | F7: 4 | G7: Low-Mod | H7: High
A8: 5 | B8: =$C$1+(5-1)*7 -> 46300 | C8: General Preparation (GPP) | D8: General strength, work capacity, mobility, multi-throws with light implements, sprint & jump base | E8: 3 | F8: 4 | G8: Low-Mod | H8: High
A9: 6 | B9: =$C$1+(6-1)*7 -> 46307 | C9: General Preparation (GPP) | D9: General strength, work capacity, mobility, multi-throws with light implements, sprint & jump base | E9: 3 | F9: 4 | G9: Low-Mod | H9: High
A10: 7 | B10: =$C$1+(7-1)*7 -> 46314 | C10: General Preparation (GPP) | D10: General strength, work capacity, mobility, multi-throws with light implements, sprint & jump base | E10: 3 | F10: 4 | G10: Low-Mod | H10: High
A11: 8 | B11: =$C$1+(8-1)*7 -> 46321 | C11: General Preparation (GPP) | D11: General strength, work capacity, mobility, multi-throws with light implements, sprint & jump base | E11: 3 | F11: 4 | G11: Low-Mod | H11: High
A12: 9 | B12: =$C$1+(9-1)*7 -> 46328 | C12: Specific Preparation (SPP) | D12: Event technique volume, heavy strength block (squat/clean emphasis), heavy & standard implements | E12: 4 | F12: 4 | G12: Moderate | H12: High
A13: 10 | B13: =$C$1+(10-1)*7 -> 46335 | C13: Specific Preparation (SPP) | D13: Event technique volume, heavy strength block (squat/clean emphasis), heavy & standard implements | E13: 4 | F13: 4 | G13: Moderate | H13: High
A14: 11 | B14: =$C$1+(11-1)*7 -> 46342 | C14: Specific Preparation (SPP) | D14: Event technique volume, heavy strength block (squat/clean emphasis), heavy & standard implements | E14: 4 | F14: 4 | G14: Moderate | H14: High
A15: 12 | B15: =$C$1+(12-1)*7 -> 46349 | C15: Specific Preparation (SPP) | D15: Event technique volume, heavy strength block (squat/clean emphasis), heavy & standard implements | E15: 4 | F15: 4 | G15: Moderate | H15: High
A16: 13 | B16: =$C$1+(13-1)*7 -> 46356 | C16: Specific Preparation (SPP) | D16: Event technique volume, heavy strength block (squat/clean emphasis), heavy & standard implements | E16: 4 | F16: 4 | G16: Moderate | H16: High
A17: 14 | B17: =$C$1+(14-1)*7 -> 46363 | C17: Specific Preparation (SPP) | D17: Event technique volume, heavy strength block (squat/clean emphasis), heavy & standard implements | E17: 4 | F17: 4 | G17: Moderate | H17: High
A18: 15 | B18: =$C$1+(15-1)*7 -> 46370 | C18: Pre-Competition | D18: Technical refinement at full intensity, convert strength to power, standard implement, openers practice | E18: 4 | F18: 3 | G18: Mod-High | H18: Moderate
A19: 16 | B19: =$C$1+(16-1)*7 -> 46377 | C19: Pre-Competition | D19: Technical refinement at full intensity, convert strength to power, standard implement, openers practice | E19: 4 | F19: 3 | G19: Mod-High | H19: Moderate
A20: 17 | B20: =$C$1+(17-1)*7 -> 46384 | C20: Pre-Competition | D20: Technical refinement at full intensity, convert strength to power, standard implement, openers practice | E20: 4 | F20: 3 | G20: Mod-High | H20: Moderate
A21: 18 | B21: =$C$1+(18-1)*7 -> 46391 | C21: Pre-Competition | D21: Technical refinement at full intensity, convert strength to power, standard implement, openers practice | E21: 4 | F21: 3 | G21: Mod-High | H21: Moderate | I21: Ted Dwyer Invitational (early Jan)
A22: 19 | B22: =$C$1+(19-1)*7 -> 46398 | C22: Competition 1 | D22: Compete & sharpen: full-intensity throwing, maintenance strength, video review after each meet | E22: 3 | F22: 2 | G22: High | H22: Low-Mod
A23: 20 | B23: =$C$1+(20-1)*7 -> 46405 | C23: Competition 1 | D23: Compete & sharpen: full-intensity throwing, maintenance strength, video review after each meet | E23: 3 | F23: 2 | G23: High | H23: Low-Mod | I23: BIG SHOT INVITATIONAL
A24: 21 | B24: =$C$1+(21-1)*7 -> 46412 | C24: Competition 1 | D24: Compete & sharpen: full-intensity throwing, maintenance strength, video review after each meet | E24: 3 | F24: 2 | G24: High | H24: Low-Mod
A25: 22 | B25: =$C$1+(22-1)*7 -> 46419 | C25: Competition 1 | D25: Compete & sharpen: full-intensity throwing, maintenance strength, video review after each meet | E25: 3 | F25: 2 | G25: High | H25: Low-Mod
A26: 23 | B26: =$C$1+(23-1)*7 -> 46426 | C26: Competition 1 | D26: Compete & sharpen: full-intensity throwing, maintenance strength, video review after each meet | E26: 3 | F26: 2 | G26: High | H26: Low-Mod | I26: KING OF THE RING (Feb 14)
A27: 24 | B27: =$C$1+(24-1)*7 -> 46433 | C27: Competition 1 | D27: Compete & sharpen: full-intensity throwing, maintenance strength, video review after each meet | E27: 3 | F27: 2 | G27: High | H27: Low-Mod
A28: 25 | B28: =$C$1+(25-1)*7 -> 46440 | C28: Competition 1 | D28: Compete & sharpen: full-intensity throwing, maintenance strength, video review after each meet | E28: 3 | F28: 2 | G28: High | H28: Low-Mod
A29: 26 | B29: =$C$1+(26-1)*7 -> 46447 | C29: Competition 1 | D29: Compete & sharpen: full-intensity throwing, maintenance strength, video review after each meet | E29: 3 | F29: 2 | G29: High | H29: Low-Mod | I29: Development meet
A30: 27 | B30: =$C$1+(27-1)*7 -> 46454 | C30: Competition 1 | D30: Compete & sharpen: full-intensity throwing, maintenance strength, video review after each meet | E30: 3 | F30: 2 | G30: High | H30: Low-Mod
A31: 28 | B31: =$C$1+(28-1)*7 -> 46461 | C31: Competition 1 | D31: Compete & sharpen: full-intensity throwing, maintenance strength, video review after each meet | E31: 3 | F31: 2 | G31: High | H31: Low-Mod
A32: 29 | B32: =$C$1+(29-1)*7 -> 46468 | C32: Competition 1 | D32: Compete & sharpen: full-intensity throwing, maintenance strength, video review after each meet | E32: 3 | F32: 2 | G32: High | H32: Low-Mod
A33: 30 | B33: =$C$1+(30-1)*7 -> 46475 | C33: Competition 1 | D33: Compete & sharpen: full-intensity throwing, maintenance strength, video review after each meet | E33: 3 | F33: 2 | G33: High | H33: Low-Mod | I33: Boys & Girls Champs
A34: 31 | B34: =$C$1+(31-1)*7 -> 46482 | C34: Peak / Championships | D34: Taper: low volume, maximal intent, competition simulation, recovery priority (Champs / Carifta window) | E34: 2 | F34: 2 | G34: Very High | H34: Low
A35: 32 | B35: =$C$1+(32-1)*7 -> 46489 | C35: Peak / Championships | D35: Taper: low volume, maximal intent, competition simulation, recovery priority (Champs / Carifta window) | E35: 2 | F35: 2 | G35: Very High | H35: Low | I35: Carifta Trials
A36: 33 | B36: =$C$1+(33-1)*7 -> 46496 | C36: Peak / Championships | D36: Taper: low volume, maximal intent, competition simulation, recovery priority (Champs / Carifta window) | E36: 2 | F36: 2 | G36: Very High | H36: Low
A37: 34 | B37: =$C$1+(34-1)*7 -> 46503 | C37: Peak / Championships | D37: Taper: low volume, maximal intent, competition simulation, recovery priority (Champs / Carifta window) | E37: 2 | F37: 2 | G37: Very High | H37: Low | I37: Carifta Games
A38: 35 | B38: =$C$1+(35-1)*7 -> 46510 | C38: Competition 2 / Nationals | D38: Rebuild short strength block then re-peak for JAAA Nationals / senior season | E38: 3 | F38: 3 | G38: High | H38: Moderate
A39: 36 | B39: =$C$1+(36-1)*7 -> 46517 | C39: Competition 2 / Nationals | D39: Rebuild short strength block then re-peak for JAAA Nationals / senior season | E39: 3 | F39: 3 | G39: High | H39: Moderate
A40: 37 | B40: =$C$1+(37-1)*7 -> 46524 | C40: Competition 2 / Nationals | D40: Rebuild short strength block then re-peak for JAAA Nationals / senior season | E40: 3 | F40: 3 | G40: High | H40: Moderate
A41: 38 | B41: =$C$1+(38-1)*7 -> 46531 | C41: Competition 2 / Nationals | D41: Rebuild short strength block then re-peak for JAAA Nationals / senior season | E41: 3 | F41: 3 | G41: High | H41: Moderate | I41: Puma Series
A42: 39 | B42: =$C$1+(39-1)*7 -> 46538 | C42: Competition 2 / Nationals | D42: Rebuild short strength block then re-peak for JAAA Nationals / senior season | E42: 3 | F42: 3 | G42: High | H42: Moderate
A43: 40 | B43: =$C$1+(40-1)*7 -> 46545 | C43: Competition 2 / Nationals | D43: Rebuild short strength block then re-peak for JAAA Nationals / senior season | E43: 3 | F43: 3 | G43: High | H43: Moderate
A44: 41 | B44: =$C$1+(41-1)*7 -> 46552 | C44: Competition 2 / Nationals | D44: Rebuild short strength block then re-peak for JAAA Nationals / senior season | E44: 3 | F44: 3 | G44: High | H44: Moderate | I44: JAAA National Championships
A45: 42 | B45: =$C$1+(42-1)*7 -> 46559 | C45: Competition 2 / Nationals | D45: Rebuild short strength block then re-peak for JAAA Nationals / senior season | E45: 3 | F45: 3 | G45: High | H45: Moderate
A46: 43 | B46: =$C$1+(43-1)*7 -> 46566 | C46: Transition | D46: Reduced structured training, general fitness, address injuries, technical review of season video | E46: 1 | F46: 2 | G46: Low | H46: Low
A47: 44 | B47: =$C$1+(44-1)*7 -> 46573 | C47: Transition | D47: Reduced structured training, general fitness, address injuries, technical review of season video | E47: 1 | F47: 2 | G47: Low | H47: Low
A48: 45 | B48: =$C$1+(45-1)*7 -> 46580 | C48: Transition | D48: Reduced structured training, general fitness, address injuries, technical review of season video | E48: 1 | F48: 2 | G48: Low | H48: Low
A49: 46 | B49: =$C$1+(46-1)*7 -> 46587 | C49: Transition | D49: Reduced structured training, general fitness, address injuries, technical review of season video | E49: 1 | F49: 2 | G49: Low | H49: Low
A50: 47 | B50: =$C$1+(47-1)*7 -> 46594 | C50: Active Rest / Recovery | D50: Complete rest weeks then playful general activity; goal-setting and testing plan for new season | E50: 0 | F50: 0 | G50: Rest | H50: Rest
A51: 48 | B51: =$C$1+(48-1)*7 -> 46601 | C51: Active Rest / Recovery | D51: Complete rest weeks then playful general activity; goal-setting and testing plan for new season | E51: 0 | F51: 0 | G51: Rest | H51: Rest
A52: 49 | B52: =$C$1+(49-1)*7 -> 46608 | C52: Active Rest / Recovery | D52: Complete rest weeks then playful general activity; goal-setting and testing plan for new season | E52: 0 | F52: 0 | G52: Rest | H52: Rest
A53: 50 | B53: =$C$1+(50-1)*7 -> 46615 | C53: Active Rest / Recovery | D53: Complete rest weeks then playful general activity; goal-setting and testing plan for new season | E53: 0 | F53: 0 | G53: Rest | H53: Rest
A54: 51 | B54: =$C$1+(51-1)*7 -> 46622 | C54: Active Rest / Recovery | D54: Complete rest weeks then playful general activity; goal-setting and testing plan for new season | E54: 0 | F54: 0 | G54: Rest | H54: Rest
A55: 52 | B55: =$C$1+(52-1)*7 -> 46629 | C55: Active Rest / Recovery | D55: Complete rest weeks then playful general activity; goal-setting and testing plan for new season | E55: 0 | F55: 0 | G55: Rest | H55: Rest

Sheet Meet Schedule
A1: MeetID | B1: Date | C1: Meet Name | D1: Venue | E1: Entry Deadline | F1: Registration Link | G1: Status | H1: Notes
A2: M001 | B2: 46389 | C2: Ted Dwyer Invitational | D2: Excelsior High School | E2: 46386 | G2: Confirmed
A3: M002 | B3: 46410 | C3: Big Shot Invitational (19th) | D3: Excelsior High School | E3: 46407 | F3: https://fortistiming.co/meets/register/ | G3: Confirmed | H3: Throwers R Us flagship
A4: M003 | B4: 46431 | C4: King of the Ring (22nd) | D4: Excelsior High School | E4: 46428 | F4: https://fortistiming.co/meets/register/ | G4: Confirmed | H4: Valentine's weekend staging
A5: M004 | C5: Boys & Girls Champs | D5: National Stadium | G5: TBC | H5: Update when JAAA publishes
A6: M005 | C6: JAAA National Championships | D6: National Stadium | G6: TBC

Sheet Weekly Results
A1: EntryID | B1: Date | C1: Week # | D1: AthleteID | E1: Event | F1: Best Throw (m) | G1: Squat (lbs) | H1: Bench (lbs) | I1: Power Clean (lbs) | J1: RPE (1-10) | K1: Meet Result (Y/N) | L1: Meet Name | M1: Notes
A2: E0001 | B2: 46277 | C2: 1 | D2: TRU001 | E2: Shot Put | F2: 15.1 | G2: 180 | H2: 120 | I2: 100 | J2: 7 | K2: N | M2: Sample data - delete
A3: E0002 | B3: 46277 | C3: 1 | D3: TRU002 | E3: Shot Put | F3: 12.05 | G3: 90 | H3: 55 | I3: 60 | J3: 6 | K3: N | M3: Sample data - delete
A4: E0003 | B4: 46277 | C4: 1 | D4: TRU003 | E4: Javelin | F4: 54.2 | G4: 140 | H4: 95 | I4: 85 | J4: 7 | K4: N | M4: Sample data - delete
A5: E0004 | B5: 46284 | C5: 2 | D5: TRU001 | E5: Shot Put | F5: 15.32 | G5: 182.5 | H5: 120 | I5: 102.5 | J5: 8 | K5: N
A6: E0005 | B6: 46284 | C6: 2 | D6: TRU002 | E6: Shot Put | F6: 12.22 | G6: 92.5 | H6: 57.5 | I6: 62.5 | J6: 7 | K6: N
A7: E0006 | B7: 46284 | C7: 2 | D7: TRU003 | E7: Javelin | F7: 55.1 | G7: 142.5 | H7: 95 | I7: 87.5 | J7: 7 | K7: N
A8: E0007 | B8: 46291 | C8: 3 | D8: TRU001 | E8: Shot Put | F8: 15.05 | G8: 180 | H8: 122.5 | I8: 100 | J8: 9 | K8: N | M8: Heavy fatigue week
A9: E0008 | B9: 46291 | C9: 3 | D9: TRU002 | E9: Shot Put | F9: 12.3 | G9: 92.5 | H9: 57.5 | I9: 62.5 | J9: 7 | K9: N
A10: E0009 | B10: 46291 | C10: 3 | D10: TRU003 | E10: Javelin | F10: 53.8 | G10: 140 | H10: 97.5 | I10: 85 | J10: 8 | K10: N
A11: E0010 | B11: 46298 | C11: 4 | D11: TRU001 | E11: Shot Put | F11: 15.48 | G11: 185 | H11: 122.5 | I11: 105 | J11: 8 | K11: Y | L11: Development meet
A12: E0011 | B12: 46298 | C12: 4 | D12: TRU002 | E12: Shot Put | F12: 12.18 | G12: 95 | H12: 60 | I12: 65 | J12: 8 | K12: N
A13: E0012 | B13: 46298 | C13: 4 | D13: TRU003 | E13: Javelin | F13: 56.02 | G13: 145 | H13: 100 | I13: 90 | J13: 8 | K13: Y | L13: Development meet

Sheet Athlete Report
A1: WEEKLY ATHLETE REPORT
A3: Select Athlete ID: | B3: TRU001
A4: Name: | B4: =IFERROR(INDEX(Athletes!$B$2:$B$40,MATCH($B$3,Athletes!$A$2:$A$40,0)),"") -> Sample Athlete A
A5: Team: | B5: =IFERROR(INDEX(Athletes!$C$2:$C$40,MATCH($B$3,Athletes!$A$2:$A$40,0)),"") -> UTech
A6: Primary Event: | B6: =IFERROR(INDEX(Athletes!$F$2:$F$40,MATCH($B$3,Athletes!$A$2:$A$40,0)),"") -> Shot Put
A7: Latest Training Week: | B7: =IF(COUNTIF('Weekly Results'!$D$2:$D$2000,$B$3)=0,"",_xlfn.MAXIFS('Weekly Results'!$C$2:$C$2000,'Weekly Results'!$D$2:$D$2000,$B$3)) -> 4
A9: Metric | B9: This Week | C9: Last Week | D9: Change | E9: % Change | F9: Trend | G9: Baseline | H9: Season Best | I9: vs Baseline %
A10: Best Throw (m) | B10: =IF($B$7="","",IF(_xlfn.MAXIFS('Weekly Results'!$F$2:$F$2000,'Weekly Results'!$D$2:$D$2000,$B$3,'Weekly Results'!$C$2:$C$2000,$B$7)=0,"",_xlfn.MAXIFS('Weekly Results'!$F$2:$F$2000,'Weekly Results'!$D$2:$D$2000,$B$3,'Weekly Results'!$C$2:$C$2000,$B$7))) -> 15.48 | C10: =IF($B$7="","",IF(_xlfn.MAXIFS('Weekly Results'!$F$2:$F$2000,'Weekly Results'!$D$2:$D$2000,$B$3,'Weekly Results'!$C$2:$C$2000,$B$7-1)=0,"",_xlfn.MAXIFS('Weekly Results'!$F$2:$F$2000,'Weekly Results'!$D$2:$D$2000,$B$3,'Weekly Results'!$C$2:$C$2000,$B$7-1))) -> 15.05 | D10: =IF(OR(B10="",C10=""),"",B10-C10) -> 0.43 | E10: =IF(OR(B10="",C10="",C10=0),"",(B10-C10)/C10) -> 0.028571429 | F10: =IF(OR(B10="",C10=""),"",IF(B10>C10,"▲",IF(B10<C10,"▼","—"))) -> ▲ | G10: =IFERROR(INDEX(Athletes!$J$2:$J$40,MATCH($B$3,Athletes!$A$2:$A$40,0)),"") -> 15.2 | H10: =IF(COUNTIF('Weekly Results'!$D$2:$D$2000,$B$3)=0,"",IF(_xlfn.MAXIFS('Weekly Results'!$F$2:$F$2000,'Weekly Results'!$D$2:$D$2000,$B$3)=0,"",_xlfn.MAXIFS('Weekly Results'!$F$2:$F$2000,'Weekly Results'!$D$2:$D$2000,$B$3))) -> 15.48 | I10: =IF(OR(G10="",H10="",G10=0),"",(H10-G10)/G10) -> 0.018421053
A11: Squat (lbs) | B11: =IF($B$7="","",IF(_xlfn.MAXIFS('Weekly Results'!$G$2:$G$2000,'Weekly Results'!$D$2:$D$2000,$B$3,'Weekly Results'!$C$2:$C$2000,$B$7)=0,"",_xlfn.MAXIFS('Weekly Results'!$G$2:$G$2000,'Weekly Results'!$D$2:$D$2000,$B$3,'Weekly Results'!$C$2:$C$2000,$B$7))) -> 185 | C11: =IF($B$7="","",IF(_xlfn.MAXIFS('Weekly Results'!$G$2:$G$2000,'Weekly Results'!$D$2:$D$2000,$B$3,'Weekly Results'!$C$2:$C$2000,$B$7-1)=0,"",_xlfn.MAXIFS('Weekly Results'!$G$2:$G$2000,'Weekly Results'!$D$2:$D$2000,$B$3,'Weekly Results'!$C$2:$C$2000,$B$7-1))) -> 180 | D11: =IF(OR(B11="",C11=""),"",B11-C11) -> 5 | E11: =IF(OR(B11="",C11="",C11=0),"",(B11-C11)/C11) -> 0.027777778 | F11: =IF(OR(B11="",C11=""),"",IF(B11>C11,"▲",IF(B11<C11,"▼","—"))) -> ▲ | G11: =IFERROR(INDEX(Athletes!$K$2:$K$40,MATCH($B$3,Athletes!$A$2:$A$40,0)),"") -> 180 | H11: =IF(COUNTIF('Weekly Results'!$D$2:$D$2000,$B$3)=0,"",IF(_xlfn.MAXIFS('Weekly Results'!$G$2:$G$2000,'Weekly Results'!$D$2:$D$2000,$B$3)=0,"",_xlfn.MAXIFS('Weekly Results'!$G$2:$G$2000,'Weekly Results'!$D$2:$D$2000,$B$3))) -> 185 | I11: =IF(OR(G11="",H11="",G11=0),"",(H11-G11)/G11) -> 0.027777778
A12: Bench (lbs) | B12: =IF($B$7="","",IF(_xlfn.MAXIFS('Weekly Results'!$H$2:$H$2000,'Weekly Results'!$D$2:$D$2000,$B$3,'Weekly Results'!$C$2:$C$2000,$B$7)=0,"",_xlfn.MAXIFS('Weekly Results'!$H$2:$H$2000,'Weekly Results'!$D$2:$D$2000,$B$3,'Weekly Results'!$C$2:$C$2000,$B$7))) -> 122.5 | C12: =IF($B$7="","",IF(_xlfn.MAXIFS('Weekly Results'!$H$2:$H$2000,'Weekly Results'!$D$2:$D$2000,$B$3,'Weekly Results'!$C$2:$C$2000,$B$7-1)=0,"",_xlfn.MAXIFS('Weekly Results'!$H$2:$H$2000,'Weekly Results'!$D$2:$D$2000,$B$3,'Weekly Results'!$C$2:$C$2000,$B$7-1))) -> 122.5 | D12: =IF(OR(B12="",C12=""),"",B12-C12) -> 0 | E12: =IF(OR(B12="",C12="",C12=0),"",(B12-C12)/C12) -> 0 | F12: =IF(OR(B12="",C12=""),"",IF(B12>C12,"▲",IF(B12<C12,"▼","—"))) -> — | G12: =IFERROR(INDEX(Athletes!$L$2:$L$40,MATCH($B$3,Athletes!$A$2:$A$40,0)),"") -> 120 | H12: =IF(COUNTIF('Weekly Results'!$D$2:$D$2000,$B$3)=0,"",IF(_xlfn.MAXIFS('Weekly Results'!$H$2:$H$2000,'Weekly Results'!$D$2:$D$2000,$B$3)=0,"",_xlfn.MAXIFS('Weekly Results'!$H$2:$H$2000,'Weekly Results'!$D$2:$D$2000,$B$3))) -> 122.5 | I12: =IF(OR(G12="",H12="",G12=0),"",(H12-G12)/G12) -> 0.020833333
A13: Power Clean (lbs) | B13: =IF($B$7="","",IF(_xlfn.MAXIFS('Weekly Results'!$I$2:$I$2000,'Weekly Results'!$D$2:$D$2000,$B$3,'Weekly Results'!$C$2:$C$2000,$B$7)=0,"",_xlfn.MAXIFS('Weekly Results'!$I$2:$I$2000,'Weekly Results'!$D$2:$D$2000,$B$3,'Weekly Results'!$C$2:$C$2000,$B$7))) -> 105 | C13: =IF($B$7="","",IF(_xlfn.MAXIFS('Weekly Results'!$I$2:$I$2000,'Weekly Results'!$D$2:$D$2000,$B$3,'Weekly Results'!$C$2:$C$2000,$B$7-1)=0,"",_xlfn.MAXIFS('Weekly Results'!$I$2:$I$2000,'Weekly Results'!$D$2:$D$2000,$B$3,'Weekly Results'!$C$2:$C$2000,$B$7-1))) -> 100 | D13: =IF(OR(B13="",C13=""),"",B13-C13) -> 5 | E13: =IF(OR(B13="",C13="",C13=0),"",(B13-C13)/C13) -> 0.05 | F13: =IF(OR(B13="",C13=""),"",IF(B13>C13,"▲",IF(B13<C13,"▼","—"))) -> ▲ | G13: =IFERROR(INDEX(Athletes!$M$2:$M$40,MATCH($B$3,Athletes!$A$2:$A$40,0)),"") -> 100 | H13: =IF(COUNTIF('Weekly Results'!$D$2:$D$2000,$B$3)=0,"",IF(_xlfn.MAXIFS('Weekly Results'!$I$2:$I$2000,'Weekly Results'!$D$2:$D$2000,$B$3)=0,"",_xlfn.MAXIFS('Weekly Results'!$I$2:$I$2000,'Weekly Results'!$D$2:$D$2000,$B$3))) -> 105 | I13: =IF(OR(G13="",H13="",G13=0),"",(H13-G13)/G13) -> 0.05
A16: 16-WEEK TREND (best of each training week)
A17: Week # | B17: Best Throw (m) | C17: Squat (lbs) | D17: Bench (lbs) | E17: Power Clean (lbs)
A18: 1 | B18: =IF($B$3="","",IF(_xlfn.MAXIFS('Weekly Results'!$F$2:$F$2000,'Weekly Results'!$D$2:$D$2000,$B$3,'Weekly Results'!$C$2:$C$2000,1)=0,"",_xlfn.MAXIFS('Weekly Results'!$F$2:$F$2000,'Weekly Results'!$D$2:$D$2000,$B$3,'Weekly Results'!$C$2:$C$2000,1))) -> 15.1 | C18: =IF($B$3="","",IF(_xlfn.MAXIFS('Weekly Results'!$G$2:$G$2000,'Weekly Results'!$D$2:$D$2000,$B$3,'Weekly Results'!$C$2:$C$2000,1)=0,"",_xlfn.MAXIFS('Weekly Results'!$G$2:$G$2000,'Weekly Results'!$D$2:$D$2000,$B$3,'Weekly Results'!$C$2:$C$2000,1))) -> 180 | D18: =IF($B$3="","",IF(_xlfn.MAXIFS('Weekly Results'!$H$2:$H$2000,'Weekly Results'!$D$2:$D$2000,$B$3,'Weekly Results'!$C$2:$C$2000,1)=0,"",_xlfn.MAXIFS('Weekly Results'!$H$2:$H$2000,'Weekly Results'!$D$2:$D$2000,$B$3,'Weekly Results'!$C$2:$C$2000,1))) -> 120 | E18: =IF($B$3="","",IF(_xlfn.MAXIFS('Weekly Results'!$I$2:$I$2000,'Weekly Results'!$D$2:$D$2000,$B$3,'Weekly Results'!$C$2:$C$2000,1)=0,"",_xlfn.MAXIFS('Weekly Results'!$I$2:$I$2000,'Weekly Results'!$D$2:$D$2000,$B$3,'Weekly Results'!$C$2:$C$2000,1))) -> 100
A19: 2 | B19: =IF($B$3="","",IF(_xlfn.MAXIFS('Weekly Results'!$F$2:$F$2000,'Weekly Results'!$D$2:$D$2000,$B$3,'Weekly Results'!$C$2:$C$2000,2)=0,"",_xlfn.MAXIFS('Weekly Results'!$F$2:$F$2000,'Weekly Results'!$D$2:$D$2000,$B$3,'Weekly Results'!$C$2:$C$2000,2))) -> 15.32 | C19: =IF($B$3="","",IF(_xlfn.MAXIFS('Weekly Results'!$G$2:$G$2000,'Weekly Results'!$D$2:$D$2000,$B$3,'Weekly Results'!$C$2:$C$2000,2)=0,"",_xlfn.MAXIFS('Weekly Results'!$G$2:$G$2000,'Weekly Results'!$D$2:$D$2000,$B$3,'Weekly Results'!$C$2:$C$2000,2))) -> 182.5 | D19: =IF($B$3="","",IF(_xlfn.MAXIFS('Weekly Results'!$H$2:$H$2000,'Weekly Results'!$D$2:$D$2000,$B$3,'Weekly Results'!$C$2:$C$2000,2)=0,"",_xlfn.MAXIFS('Weekly Results'!$H$2:$H$2000,'Weekly Results'!$D$2:$D$2000,$B$3,'Weekly Results'!$C$2:$C$2000,2))) -> 120 | E19: =IF($B$3="","",IF(_xlfn.MAXIFS('Weekly Results'!$I$2:$I$2000,'Weekly Results'!$D$2:$D$2000,$B$3,'Weekly Results'!$C$2:$C$2000,2)=0,"",_xlfn.MAXIFS('Weekly Results'!$I$2:$I$2000,'Weekly Results'!$D$2:$D$2000,$B$3,'Weekly Results'!$C$2:$C$2000,2))) -> 102.5
A20: 3 | B20: =IF($B$3="","",IF(_xlfn.MAXIFS('Weekly Results'!$F$2:$F$2000,'Weekly Results'!$D$2:$D$2000,$B$3,'Weekly Results'!$C$2:$C$2000,3)=0,"",_xlfn.MAXIFS('Weekly Results'!$F$2:$F$2000,'Weekly Results'!$D$2:$D$2000,$B$3,'Weekly Results'!$C$2:$C$2000,3))) -> 15.05 | C20: =IF($B$3="","",IF(_xlfn.MAXIFS('Weekly Results'!$G$2:$G$2000,'Weekly Results'!$D$2:$D$2000,$B$3,'Weekly Results'!$C$2:$C$2000,3)=0,"",_xlfn.MAXIFS('Weekly Results'!$G$2:$G$2000,'Weekly Results'!$D$2:$D$2000,$B$3,'Weekly Results'!$C$2:$C$2000,3))) -> 180 | D20: =IF($B$3="","",IF(_xlfn.MAXIFS('Weekly Results'!$H$2:$H$2000,'Weekly Results'!$D$2:$D$2000,$B$3,'Weekly Results'!$C$2:$C$2000,3)=0,"",_xlfn.MAXIFS('Weekly Results'!$H$2:$H$2000,'Weekly Results'!$D$2:$D$2000,$B$3,'Weekly Results'!$C$2:$C$2000,3))) -> 122.5 | E20: =IF($B$3="","",IF(_xlfn.MAXIFS('Weekly Results'!$I$2:$I$2000,'Weekly Results'!$D$2:$D$2000,$B$3,'Weekly Results'!$C$2:$C$2000,3)=0,"",_xlfn.MAXIFS('Weekly Results'!$I$2:$I$2000,'Weekly Results'!$D$2:$D$2000,$B$3,'Weekly Results'!$C$2:$C$2000,3))) -> 100
A21: 4 | B21: =IF($B$3="","",IF(_xlfn.MAXIFS('Weekly Results'!$F$2:$F$2000,'Weekly Results'!$D$2:$D$2000,$B$3,'Weekly Results'!$C$2:$C$2000,4)=0,"",_xlfn.MAXIFS('Weekly Results'!$F$2:$F$2000,'Weekly Results'!$D$2:$D$2000,$B$3,'Weekly Results'!$C$2:$C$2000,4))) -> 15.48 | C21: =IF($B$3="","",IF(_xlfn.MAXIFS('Weekly Results'!$G$2:$G$2000,'Weekly Results'!$D$2:$D$2000,$B$3,'Weekly Results'!$C$2:$C$2000,4)=0,"",_xlfn.MAXIFS('Weekly Results'!$G$2:$G$2000,'Weekly Results'!$D$2:$D$2000,$B$3,'Weekly Results'!$C$2:$C$2000,4))) -> 185 | D21: =IF($B$3="","",IF(_xlfn.MAXIFS('Weekly Results'!$H$2:$H$2000,'Weekly Results'!$D$2:$D$2000,$B$3,'Weekly Results'!$C$2:$C$2000,4)=0,"",_xlfn.MAXIFS('Weekly Results'!$H$2:$H$2000,'Weekly Results'!$D$2:$D$2000,$B$3,'Weekly Results'!$C$2:$C$2000,4))) -> 122.5 | E21: =IF($B$3="","",IF(_xlfn.MAXIFS('Weekly Results'!$I$2:$I$2000,'Weekly Results'!$D$2:$D$2000,$B$3,'Weekly Results'!$C$2:$C$2000,4)=0,"",_xlfn.MAXIFS('Weekly Results'!$I$2:$I$2000,'Weekly Results'!$D$2:$D$2000,$B$3,'Weekly Results'!$C$2:$C$2000,4))) -> 105
A22: 5 | B22: =IF($B$3="","",IF(_xlfn.MAXIFS('Weekly Results'!$F$2:$F$2000,'Weekly Results'!$D$2:$D$2000,$B$3,'Weekly Results'!$C$2:$C$2000,5)=0,"",_xlfn.MAXIFS('Weekly Results'!$F$2:$F$2000,'Weekly Results'!$D$2:$D$2000,$B$3,'Weekly Results'!$C$2:$C$2000,5))) | C22: =IF($B$3="","",IF(_xlfn.MAXIFS('Weekly Results'!$G$2:$G$2000,'Weekly Results'!$D$2:$D$2000,$B$3,'Weekly Results'!$C$2:$C$2000,5)=0,"",_xlfn.MAXIFS('Weekly Results'!$G$2:$G$2000,'Weekly Results'!$D$2:$D$2000,$B$3,'Weekly Results'!$C$2:$C$2000,5))) | D22: =IF($B$3="","",IF(_xlfn.MAXIFS('Weekly Results'!$H$2:$H$2000,'Weekly Results'!$D$2:$D$2000,$B$3,'Weekly Results'!$C$2:$C$2000,5)=0,"",_xlfn.MAXIFS('Weekly Results'!$H$2:$H$2000,'Weekly Results'!$D$2:$D$2000,$B$3,'Weekly Results'!$C$2:$C$2000,5))) | E22: =IF($B$3="","",IF(_xlfn.MAXIFS('Weekly Results'!$I$2:$I$2000,'Weekly Results'!$D$2:$D$2000,$B$3,'Weekly Results'!$C$2:$C$2000,5)=0,"",_xlfn.MAXIFS('Weekly Results'!$I$2:$I$2000,'Weekly Results'!$D$2:$D$2000,$B$3,'Weekly Results'!$C$2:$C$2000,5)))
A23: 6 | B23: =IF($B$3="","",IF(_xlfn.MAXIFS('Weekly Results'!$F$2:$F$2000,'Weekly Results'!$D$2:$D$2000,$B$3,'Weekly Results'!$C$2:$C$2000,6)=0,"",_xlfn.MAXIFS('Weekly Results'!$F$2:$F$2000,'Weekly Results'!$D$2:$D$2000,$B$3,'Weekly Results'!$C$2:$C$2000,6))) | C23: =IF($B$3="","",IF(_xlfn.MAXIFS('Weekly Results'!$G$2:$G$2000,'Weekly Results'!$D$2:$D$2000,$B$3,'Weekly Results'!$C$2:$C$2000,6)=0,"",_xlfn.MAXIFS('Weekly Results'!$G$2:$G$2000,'Weekly Results'!$D$2:$D$2000,$B$3,'Weekly Results'!$C$2:$C$2000,6))) | D23: =IF($B$3="","",IF(_xlfn.MAXIFS('Weekly Results'!$H$2:$H$2000,'Weekly Results'!$D$2:$D$2000,$B$3,'Weekly Results'!$C$2:$C$2000,6)=0,"",_xlfn.MAXIFS('Weekly Results'!$H$2:$H$2000,'Weekly Results'!$D$2:$D$2000,$B$3,'Weekly Results'!$C$2:$C$2000,6))) | E23: =IF($B$3="","",IF(_xlfn.MAXIFS('Weekly Results'!$I$2:$I$2000,'Weekly Results'!$D$2:$D$2000,$B$3,'Weekly Results'!$C$2:$C$2000,6)=0,"",_xlfn.MAXIFS('Weekly Results'!$I$2:$I$2000,'Weekly Results'!$D$2:$D$2000,$B$3,'Weekly Results'!$C$2:$C$2000,6)))
A24: 7 | B24: =IF($B$3="","",IF(_xlfn.MAXIFS('Weekly Results'!$F$2:$F$2000,'Weekly Results'!$D$2:$D$2000,$B$3,'Weekly Results'!$C$2:$C$2000,7)=0,"",_xlfn.MAXIFS('Weekly Results'!$F$2:$F$2000,'Weekly Results'!$D$2:$D$2000,$B$3,'Weekly Results'!$C$2:$C$2000,7))) | C24: =IF($B$3="","",IF(_xlfn.MAXIFS('Weekly Results'!$G$2:$G$2000,'Weekly Results'!$D$2:$D$2000,$B$3,'Weekly Results'!$C$2:$C$2000,7)=0,"",_xlfn.MAXIFS('Weekly Results'!$G$2:$G$2000,'Weekly Results'!$D$2:$D$2000,$B$3,'Weekly Results'!$C$2:$C$2000,7))) | D24: =IF($B$3="","",IF(_xlfn.MAXIFS('Weekly Results'!$H$2:$H$2000,'Weekly Results'!$D$2:$D$2000,$B$3,'Weekly Results'!$C$2:$C$2000,7)=0,"",_xlfn.MAXIFS('Weekly Results'!$H$2:$H$2000,'Weekly Results'!$D$2:$D$2000,$B$3,'Weekly Results'!$C$2:$C$2000,7))) | E24: =IF($B$3="","",IF(_xlfn.MAXIFS('Weekly Results'!$I$2:$I$2000,'Weekly Results'!$D$2:$D$2000,$B$3,'Weekly Results'!$C$2:$C$2000,7)=0,"",_xlfn.MAXIFS('Weekly Results'!$I$2:$I$2000,'Weekly Results'!$D$2:$D$2000,$B$3,'Weekly Results'!$C$2:$C$2000,7)))
A25: 8 | B25: =IF($B$3="","",IF(_xlfn.MAXIFS('Weekly Results'!$F$2:$F$2000,'Weekly Results'!$D$2:$D$2000,$B$3,'Weekly Results'!$C$2:$C$2000,8)=0,"",_xlfn.MAXIFS('Weekly Results'!$F$2:$F$2000,'Weekly Results'!$D$2:$D$2000,$B$3,'Weekly Results'!$C$2:$C$2000,8))) | C25: =IF($B$3="","",IF(_xlfn.MAXIFS('Weekly Results'!$G$2:$G$2000,'Weekly Results'!$D$2:$D$2000,$B$3,'Weekly Results'!$C$2:$C$2000,8)=0,"",_xlfn.MAXIFS('Weekly Results'!$G$2:$G$2000,'Weekly Results'!$D$2:$D$2000,$B$3,'Weekly Results'!$C$2:$C$2000,8))) | D25: =IF($B$3="","",IF(_xlfn.MAXIFS('Weekly Results'!$H$2:$H$2000,'Weekly Results'!$D$2:$D$2000,$B$3,'Weekly Results'!$C$2:$C$2000,8)=0,"",_xlfn.MAXIFS('Weekly Results'!$H$2:$H$2000,'Weekly Results'!$D$2:$D$2000,$B$3,'Weekly Results'!$C$2:$C$2000,8))) | E25: =IF($B$3="","",IF(_xlfn.MAXIFS('Weekly Results'!$I$2:$I$2000,'Weekly Results'!$D$2:$D$2000,$B$3,'Weekly Results'!$C$2:$C$2000,8)=0,"",_xlfn.MAXIFS('Weekly Results'!$I$2:$I$2000,'Weekly Results'!$D$2:$D$2000,$B$3,'Weekly Results'!$C$2:$C$2000,8)))
A26: 9 | B26: =IF($B$3="","",IF(_xlfn.MAXIFS('Weekly Results'!$F$2:$F$2000,'Weekly Results'!$D$2:$D$2000,$B$3,'Weekly Results'!$C$2:$C$2000,9)=0,"",_xlfn.MAXIFS('Weekly Results'!$F$2:$F$2000,'Weekly Results'!$D$2:$D$2000,$B$3,'Weekly Results'!$C$2:$C$2000,9))) | C26: =IF($B$3="","",IF(_xlfn.MAXIFS('Weekly Results'!$G$2:$G$2000,'Weekly Results'!$D$2:$D$2000,$B$3,'Weekly Results'!$C$2:$C$2000,9)=0,"",_xlfn.MAXIFS('Weekly Results'!$G$2:$G$2000,'Weekly Results'!$D$2:$D$2000,$B$3,'Weekly Results'!$C$2:$C$2000,9))) | D26: =IF($B$3="","",IF(_xlfn.MAXIFS('Weekly Results'!$H$2:$H$2000,'Weekly Results'!$D$2:$D$2000,$B$3,'Weekly Results'!$C$2:$C$2000,9)=0,"",_xlfn.MAXIFS('Weekly Results'!$H$2:$H$2000,'Weekly Results'!$D$2:$D$2000,$B$3,'Weekly Results'!$C$2:$C$2000,9))) | E26: =IF($B$3="","",IF(_xlfn.MAXIFS('Weekly Results'!$I$2:$I$2000,'Weekly Results'!$D$2:$D$2000,$B$3,'Weekly Results'!$C$2:$C$2000,9)=0,"",_xlfn.MAXIFS('Weekly Results'!$I$2:$I$2000,'Weekly Results'!$D$2:$D$2000,$B$3,'Weekly Results'!$C$2:$C$2000,9)))
A27: 10 | B27: =IF($B$3="","",IF(_xlfn.MAXIFS('Weekly Results'!$F$2:$F$2000,'Weekly Results'!$D$2:$D$2000,$B$3,'Weekly Results'!$C$2:$C$2000,10)=0,"",_xlfn.MAXIFS('Weekly Results'!$F$2:$F$2000,'Weekly Results'!$D$2:$D$2000,$B$3,'Weekly Results'!$C$2:$C$2000,10))) | C27: =IF($B$3="","",IF(_xlfn.MAXIFS('Weekly Results'!$G$2:$G$2000,'Weekly Results'!$D$2:$D$2000,$B$3,'Weekly Results'!$C$2:$C$2000,10)=0,"",_xlfn.MAXIFS('Weekly Results'!$G$2:$G$2000,'Weekly Results'!$D$2:$D$2000,$B$3,'Weekly Results'!$C$2:$C$2000,10))) | D27: =IF($B$3="","",IF(_xlfn.MAXIFS('Weekly Results'!$H$2:$H$2000,'Weekly Results'!$D$2:$D$2000,$B$3,'Weekly Results'!$C$2:$C$2000,10)=0,"",_xlfn.MAXIFS('Weekly Results'!$H$2:$H$2000,'Weekly Results'!$D$2:$D$2000,$B$3,'Weekly Results'!$C$2:$C$2000,10))) | E27: =IF($B$3="","",IF(_xlfn.MAXIFS('Weekly Results'!$I$2:$I$2000,'Weekly Results'!$D$2:$D$2000,$B$3,'Weekly Results'!$C$2:$C$2000,10)=0,"",_xlfn.MAXIFS('Weekly Results'!$I$2:$I$2000,'Weekly Results'!$D$2:$D$2000,$B$3,'Weekly Results'!$C$2:$C$2000,10)))
A28: 11 | B28: =IF($B$3="","",IF(_xlfn.MAXIFS('Weekly Results'!$F$2:$F$2000,'Weekly Results'!$D$2:$D$2000,$B$3,'Weekly Results'!$C$2:$C$2000,11)=0,"",_xlfn.MAXIFS('Weekly Results'!$F$2:$F$2000,'Weekly Results'!$D$2:$D$2000,$B$3,'Weekly Results'!$C$2:$C$2000,11))) | C28: =IF($B$3="","",IF(_xlfn.MAXIFS('Weekly Results'!$G$2:$G$2000,'Weekly Results'!$D$2:$D$2000,$B$3,'Weekly Results'!$C$2:$C$2000,11)=0,"",_xlfn.MAXIFS('Weekly Results'!$G$2:$G$2000,'Weekly Results'!$D$2:$D$2000,$B$3,'Weekly Results'!$C$2:$C$2000,11))) | D28: =IF($B$3="","",IF(_xlfn.MAXIFS('Weekly Results'!$H$2:$H$2000,'Weekly Results'!$D$2:$D$2000,$B$3,'Weekly Results'!$C$2:$C$2000,11)=0,"",_xlfn.MAXIFS('Weekly Results'!$H$2:$H$2000,'Weekly Results'!$D$2:$D$2000,$B$3,'Weekly Results'!$C$2:$C$2000,11))) | E28: =IF($B$3="","",IF(_xlfn.MAXIFS('Weekly Results'!$I$2:$I$2000,'Weekly Results'!$D$2:$D$2000,$B$3,'Weekly Results'!$C$2:$C$2000,11)=0,"",_xlfn.MAXIFS('Weekly Results'!$I$2:$I$2000,'Weekly Results'!$D$2:$D$2000,$B$3,'Weekly Results'!$C$2:$C$2000,11)))
A29: 12 | B29: =IF($B$3="","",IF(_xlfn.MAXIFS('Weekly Results'!$F$2:$F$2000,'Weekly Results'!$D$2:$D$2000,$B$3,'Weekly Results'!$C$2:$C$2000,12)=0,"",_xlfn.MAXIFS('Weekly Results'!$F$2:$F$2000,'Weekly Results'!$D$2:$D$2000,$B$3,'Weekly Results'!$C$2:$C$2000,12))) | C29: =IF($B$3="","",IF(_xlfn.MAXIFS('Weekly Results'!$G$2:$G$2000,'Weekly Results'!$D$2:$D$2000,$B$3,'Weekly Results'!$C$2:$C$2000,12)=0,"",_xlfn.MAXIFS('Weekly Results'!$G$2:$G$2000,'Weekly Results'!$D$2:$D$2000,$B$3,'Weekly Results'!$C$2:$C$2000,12))) | D29: =IF($B$3="","",IF(_xlfn.MAXIFS('Weekly Results'!$H$2:$H$2000,'Weekly Results'!$D$2:$D$2000,$B$3,'Weekly Results'!$C$2:$C$2000,12)=0,"",_xlfn.MAXIFS('Weekly Results'!$H$2:$H$2000,'Weekly Results'!$D$2:$D$2000,$B$3,'Weekly Results'!$C$2:$C$2000,12))) | E29: =IF($B$3="","",IF(_xlfn.MAXIFS('Weekly Results'!$I$2:$I$2000,'Weekly Results'!$D$2:$D$2000,$B$3,'Weekly Results'!$C$2:$C$2000,12)=0,"",_xlfn.MAXIFS('Weekly Results'!$I$2:$I$2000,'Weekly Results'!$D$2:$D$2000,$B$3,'Weekly Results'!$C$2:$C$2000,12)))
A30: 13 | B30: =IF($B$3="","",IF(_xlfn.MAXIFS('Weekly Results'!$F$2:$F$2000,'Weekly Results'!$D$2:$D$2000,$B$3,'Weekly Results'!$C$2:$C$2000,13)=0,"",_xlfn.MAXIFS('Weekly Results'!$F$2:$F$2000,'Weekly Results'!$D$2:$D$2000,$B$3,'Weekly Results'!$C$2:$C$2000,13))) | C30: =IF($B$3="","",IF(_xlfn.MAXIFS('Weekly Results'!$G$2:$G$2000,'Weekly Results'!$D$2:$D$2000,$B$3,'Weekly Results'!$C$2:$C$2000,13)=0,"",_xlfn.MAXIFS('Weekly Results'!$G$2:$G$2000,'Weekly Results'!$D$2:$D$2000,$B$3,'Weekly Results'!$C$2:$C$2000,13))) | D30: =IF($B$3="","",IF(_xlfn.MAXIFS('Weekly Results'!$H$2:$H$2000,'Weekly Results'!$D$2:$D$2000,$B$3,'Weekly Results'!$C$2:$C$2000,13)=0,"",_xlfn.MAXIFS('Weekly Results'!$H$2:$H$2000,'Weekly Results'!$D$2:$D$2000,$B$3,'Weekly Results'!$C$2:$C$2000,13))) | E30: =IF($B$3="","",IF(_xlfn.MAXIFS('Weekly Results'!$I$2:$I$2000,'Weekly Results'!$D$2:$D$2000,$B$3,'Weekly Results'!$C$2:$C$2000,13)=0,"",_xlfn.MAXIFS('Weekly Results'!$I$2:$I$2000,'Weekly Results'!$D$2:$D$2000,$B$3,'Weekly Results'!$C$2:$C$2000,13)))
A31: 14 | B31: =IF($B$3="","",IF(_xlfn.MAXIFS('Weekly Results'!$F$2:$F$2000,'Weekly Results'!$D$2:$D$2000,$B$3,'Weekly Results'!$C$2:$C$2000,14)=0,"",_xlfn.MAXIFS('Weekly Results'!$F$2:$F$2000,'Weekly Results'!$D$2:$D$2000,$B$3,'Weekly Results'!$C$2:$C$2000,14))) | C31: =IF($B$3="","",IF(_xlfn.MAXIFS('Weekly Results'!$G$2:$G$2000,'Weekly Results'!$D$2:$D$2000,$B$3,'Weekly Results'!$C$2:$C$2000,14)=0,"",_xlfn.MAXIFS('Weekly Results'!$G$2:$G$2000,'Weekly Results'!$D$2:$D$2000,$B$3,'Weekly Results'!$C$2:$C$2000,14))) | D31: =IF($B$3="","",IF(_xlfn.MAXIFS('Weekly Results'!$H$2:$H$2000,'Weekly Results'!$D$2:$D$2000,$B$3,'Weekly Results'!$C$2:$C$2000,14)=0,"",_xlfn.MAXIFS('Weekly Results'!$H$2:$H$2000,'Weekly Results'!$D$2:$D$2000,$B$3,'Weekly Results'!$C$2:$C$2000,14))) | E31: =IF($B$3="","",IF(_xlfn.MAXIFS('Weekly Results'!$I$2:$I$2000,'Weekly Results'!$D$2:$D$2000,$B$3,'Weekly Results'!$C$2:$C$2000,14)=0,"",_xlfn.MAXIFS('Weekly Results'!$I$2:$I$2000,'Weekly Results'!$D$2:$D$2000,$B$3,'Weekly Results'!$C$2:$C$2000,14)))
A32: 15 | B32: =IF($B$3="","",IF(_xlfn.MAXIFS('Weekly Results'!$F$2:$F$2000,'Weekly Results'!$D$2:$D$2000,$B$3,'Weekly Results'!$C$2:$C$2000,15)=0,"",_xlfn.MAXIFS('Weekly Results'!$F$2:$F$2000,'Weekly Results'!$D$2:$D$2000,$B$3,'Weekly Results'!$C$2:$C$2000,15))) | C32: =IF($B$3="","",IF(_xlfn.MAXIFS('Weekly Results'!$G$2:$G$2000,'Weekly Results'!$D$2:$D$2000,$B$3,'Weekly Results'!$C$2:$C$2000,15)=0,"",_xlfn.MAXIFS('Weekly Results'!$G$2:$G$2000,'Weekly Results'!$D$2:$D$2000,$B$3,'Weekly Results'!$C$2:$C$2000,15))) | D32: =IF($B$3="","",IF(_xlfn.MAXIFS('Weekly Results'!$H$2:$H$2000,'Weekly Results'!$D$2:$D$2000,$B$3,'Weekly Results'!$C$2:$C$2000,15)=0,"",_xlfn.MAXIFS('Weekly Results'!$H$2:$H$2000,'Weekly Results'!$D$2:$D$2000,$B$3,'Weekly Results'!$C$2:$C$2000,15))) | E32: =IF($B$3="","",IF(_xlfn.MAXIFS('Weekly Results'!$I$2:$I$2000,'Weekly Results'!$D$2:$D$2000,$B$3,'Weekly Results'!$C$2:$C$2000,15)=0,"",_xlfn.MAXIFS('Weekly Results'!$I$2:$I$2000,'Weekly Results'!$D$2:$D$2000,$B$3,'Weekly Results'!$C$2:$C$2000,15)))
A33: 16 | B33: =IF($B$3="","",IF(_xlfn.MAXIFS('Weekly Results'!$F$2:$F$2000,'Weekly Results'!$D$2:$D$2000,$B$3,'Weekly Results'!$C$2:$C$2000,16)=0,"",_xlfn.MAXIFS('Weekly Results'!$F$2:$F$2000,'Weekly Results'!$D$2:$D$2000,$B$3,'Weekly Results'!$C$2:$C$2000,16))) | C33: =IF($B$3="","",IF(_xlfn.MAXIFS('Weekly Results'!$G$2:$G$2000,'Weekly Results'!$D$2:$D$2000,$B$3,'Weekly Results'!$C$2:$C$2000,16)=0,"",_xlfn.MAXIFS('Weekly Results'!$G$2:$G$2000,'Weekly Results'!$D$2:$D$2000,$B$3,'Weekly Results'!$C$2:$C$2000,16))) | D33: =IF($B$3="","",IF(_xlfn.MAXIFS('Weekly Results'!$H$2:$H$2000,'Weekly Results'!$D$2:$D$2000,$B$3,'Weekly Results'!$C$2:$C$2000,16)=0,"",_xlfn.MAXIFS('Weekly Results'!$H$2:$H$2000,'Weekly Results'!$D$2:$D$2000,$B$3,'Weekly Results'!$C$2:$C$2000,16))) | E33: =IF($B$3="","",IF(_xlfn.MAXIFS('Weekly Results'!$I$2:$I$2000,'Weekly Results'!$D$2:$D$2000,$B$3,'Weekly Results'!$C$2:$C$2000,16)=0,"",_xlfn.MAXIFS('Weekly Results'!$I$2:$I$2000,'Weekly Results'!$D$2:$D$2000,$B$3,'Weekly Results'!$C$2:$C$2000,16)))

Sheet Monthly Summary
A1: MONTHLY SUMMARY
A3: Select Athlete ID: | B3: TRU001 | C3: =IFERROR(INDEX(Athletes!$B$2:$B$40,MATCH($B$3,Athletes!$A$2:$A$40,0)),"") -> Sample Athlete A
A5: Month | B5: Start | C5: End | D5: Best Throw (m) | E5: Avg Throw (m) | F5: Best Squat (lbs) | G5: Best Bench (lbs) | H5: Best Clean (lbs) | I5: Sessions Logged
A6: Sep 2026 | B6: 46266 | C6: =EOMONTH(B6,0) -> 46295 | D6: =IF($I6=0,"",_xlfn.MAXIFS('Weekly Results'!$F$2:$F$2000,'Weekly Results'!$D$2:$D$2000,$B$3,'Weekly Results'!$B$2:$B$2000,">="&$B6,'Weekly Results'!$B$2:$B$2000,"<="&$C6)) -> 15.32 | E6: =IF($I6=0,"",AVERAGEIFS('Weekly Results'!$F$2:$F$2000,'Weekly Results'!$D$2:$D$2000,$B$3,'Weekly Results'!$B$2:$B$2000,">="&$B6,'Weekly Results'!$B$2:$B$2000,"<="&$C6)) -> 15.156667 | F6: =IF($I6=0,"",_xlfn.MAXIFS('Weekly Results'!$G$2:$G$2000,'Weekly Results'!$D$2:$D$2000,$B$3,'Weekly Results'!$B$2:$B$2000,">="&$B6,'Weekly Results'!$B$2:$B$2000,"<="&$C6)) -> 182.5 | G6: =IF($I6=0,"",_xlfn.MAXIFS('Weekly Results'!$H$2:$H$2000,'Weekly Results'!$D$2:$D$2000,$B$3,'Weekly Results'!$B$2:$B$2000,">="&$B6,'Weekly Results'!$B$2:$B$2000,"<="&$C6)) -> 122.5 | H6: =IF($I6=0,"",_xlfn.MAXIFS('Weekly Results'!$I$2:$I$2000,'Weekly Results'!$D$2:$D$2000,$B$3,'Weekly Results'!$B$2:$B$2000,">="&$B6,'Weekly Results'!$B$2:$B$2000,"<="&$C6)) -> 102.5 | I6: =COUNTIFS('Weekly Results'!$D$2:$D$2000,$B$3,'Weekly Results'!$B$2:$B$2000,">="&$B6,'Weekly Results'!$B$2:$B$2000,"<="&$C6) -> 3
A7: Oct 2026 | B7: 46296 | C7: =EOMONTH(B7,0) -> 46326 | D7: =IF($I7=0,"",_xlfn.MAXIFS('Weekly Results'!$F$2:$F$2000,'Weekly Results'!$D$2:$D$2000,$B$3,'Weekly Results'!$B$2:$B$2000,">="&$B7,'Weekly Results'!$B$2:$B$2000,"<="&$C7)) -> 15.48 | E7: =IF($I7=0,"",AVERAGEIFS('Weekly Results'!$F$2:$F$2000,'Weekly Results'!$D$2:$D$2000,$B$3,'Weekly Results'!$B$2:$B$2000,">="&$B7,'Weekly Results'!$B$2:$B$2000,"<="&$C7)) -> 15.48 | F7: =IF($I7=0,"",_xlfn.MAXIFS('Weekly Results'!$G$2:$G$2000,'Weekly Results'!$D$2:$D$2000,$B$3,'Weekly Results'!$B$2:$B$2000,">="&$B7,'Weekly Results'!$B$2:$B$2000,"<="&$C7)) -> 185 | G7: =IF($I7=0,"",_xlfn.MAXIFS('Weekly Results'!$H$2:$H$2000,'Weekly Results'!$D$2:$D$2000,$B$3,'Weekly Results'!$B$2:$B$2000,">="&$B7,'Weekly Results'!$B$2:$B$2000,"<="&$C7)) -> 122.5 | H7: =IF($I7=0,"",_xlfn.MAXIFS('Weekly Results'!$I$2:$I$2000,'Weekly Results'!$D$2:$D$2000,$B$3,'Weekly Results'!$B$2:$B$2000,">="&$B7,'Weekly Results'!$B$2:$B$2000,"<="&$C7)) -> 105 | I7: =COUNTIFS('Weekly Results'!$D$2:$D$2000,$B$3,'Weekly Results'!$B$2:$B$2000,">="&$B7,'Weekly Results'!$B$2:$B$2000,"<="&$C7) -> 1
A8: Nov 2026 | B8: 46327 | C8: =EOMONTH(B8,0) -> 46356 | D8: =IF($I8=0,"",_xlfn.MAXIFS('Weekly Results'!$F$2:$F$2000,'Weekly Results'!$D$2:$D$2000,$B$3,'Weekly Results'!$B$2:$B$2000,">="&$B8,'Weekly Results'!$B$2:$B$2000,"<="&$C8)) | E8: =IF($I8=0,"",AVERAGEIFS('Weekly Results'!$F$2:$F$2000,'Weekly Results'!$D$2:$D$2000,$B$3,'Weekly Results'!$B$2:$B$2000,">="&$B8,'Weekly Results'!$B$2:$B$2000,"<="&$C8)) | F8: =IF($I8=0,"",_xlfn.MAXIFS('Weekly Results'!$G$2:$G$2000,'Weekly Results'!$D$2:$D$2000,$B$3,'Weekly Results'!$B$2:$B$2000,">="&$B8,'Weekly Results'!$B$2:$B$2000,"<="&$C8)) | G8: =IF($I8=0,"",_xlfn.MAXIFS('Weekly Results'!$H$2:$H$2000,'Weekly Results'!$D$2:$D$2000,$B$3,'Weekly Results'!$B$2:$B$2000,">="&$B8,'Weekly Results'!$B$2:$B$2000,"<="&$C8)) | H8: =IF($I8=0,"",_xlfn.MAXIFS('Weekly Results'!$I$2:$I$2000,'Weekly Results'!$D$2:$D$2000,$B$3,'Weekly Results'!$B$2:$B$2000,">="&$B8,'Weekly Results'!$B$2:$B$2000,"<="&$C8)) | I8: =COUNTIFS('Weekly Results'!$D$2:$D$2000,$B$3,'Weekly Results'!$B$2:$B$2000,">="&$B8,'Weekly Results'!$B$2:$B$2000,"<="&$C8) -> 0
A9: Dec 2026 | B9: 46357 | C9: =EOMONTH(B9,0) -> 46387 | D9: =IF($I9=0,"",_xlfn.MAXIFS('Weekly Results'!$F$2:$F$2000,'Weekly Results'!$D$2:$D$2000,$B$3,'Weekly Results'!$B$2:$B$2000,">="&$B9,'Weekly Results'!$B$2:$B$2000,"<="&$C9)) | E9: =IF($I9=0,"",AVERAGEIFS('Weekly Results'!$F$2:$F$2000,'Weekly Results'!$D$2:$D$2000,$B$3,'Weekly Results'!$B$2:$B$2000,">="&$B9,'Weekly Results'!$B$2:$B$2000,"<="&$C9)) | F9: =IF($I9=0,"",_xlfn.MAXIFS('Weekly Results'!$G$2:$G$2000,'Weekly Results'!$D$2:$D$2000,$B$3,'Weekly Results'!$B$2:$B$2000,">="&$B9,'Weekly Results'!$B$2:$B$2000,"<="&$C9)) | G9: =IF($I9=0,"",_xlfn.MAXIFS('Weekly Results'!$H$2:$H$2000,'Weekly Results'!$D$2:$D$2000,$B$3,'Weekly Results'!$B$2:$B$2000,">="&$B9,'Weekly Results'!$B$2:$B$2000,"<="&$C9)) | H9: =IF($I9=0,"",_xlfn.MAXIFS('Weekly Results'!$I$2:$I$2000,'Weekly Results'!$D$2:$D$2000,$B$3,'Weekly Results'!$B$2:$B$2000,">="&$B9,'Weekly Results'!$B$2:$B$2000,"<="&$C9)) | I9: =COUNTIFS('Weekly Results'!$D$2:$D$2000,$B$3,'Weekly Results'!$B$2:$B$2000,">="&$B9,'Weekly Results'!$B$2:$B$2000,"<="&$C9) -> 0
A10: Jan 2027 | B10: 46388 | C10: =EOMONTH(B10,0) -> 46418 | D10: =IF($I10=0,"",_xlfn.MAXIFS('Weekly Results'!$F$2:$F$2000,'Weekly Results'!$D$2:$D$2000,$B$3,'Weekly Results'!$B$2:$B$2000,">="&$B10,'Weekly Results'!$B$2:$B$2000,"<="&$C10)) | E10: =IF($I10=0,"",AVERAGEIFS('Weekly Results'!$F$2:$F$2000,'Weekly Results'!$D$2:$D$2000,$B$3,'Weekly Results'!$B$2:$B$2000,">="&$B10,'Weekly Results'!$B$2:$B$2000,"<="&$C10)) | F10: =IF($I10=0,"",_xlfn.MAXIFS('Weekly Results'!$G$2:$G$2000,'Weekly Results'!$D$2:$D$2000,$B$3,'Weekly Results'!$B$2:$B$2000,">="&$B10,'Weekly Results'!$B$2:$B$2000,"<="&$C10)) | G10: =IF($I10=0,"",_xlfn.MAXIFS('Weekly Results'!$H$2:$H$2000,'Weekly Results'!$D$2:$D$2000,$B$3,'Weekly Results'!$B$2:$B$2000,">="&$B10,'Weekly Results'!$B$2:$B$2000,"<="&$C10)) | H10: =IF($I10=0,"",_xlfn.MAXIFS('Weekly Results'!$I$2:$I$2000,'Weekly Results'!$D$2:$D$2000,$B$3,'Weekly Results'!$B$2:$B$2000,">="&$B10,'Weekly Results'!$B$2:$B$2000,"<="&$C10)) | I10: =COUNTIFS('Weekly Results'!$D$2:$D$2000,$B$3,'Weekly Results'!$B$2:$B$2000,">="&$B10,'Weekly Results'!$B$2:$B$2000,"<="&$C10) -> 0
A11: Feb 2027 | B11: 46419 | C11: =EOMONTH(B11,0) -> 46446 | D11: =IF($I11=0,"",_xlfn.MAXIFS('Weekly Results'!$F$2:$F$2000,'Weekly Results'!$D$2:$D$2000,$B$3,'Weekly Results'!$B$2:$B$2000,">="&$B11,'Weekly Results'!$B$2:$B$2000,"<="&$C11)) | E11: =IF($I11=0,"",AVERAGEIFS('Weekly Results'!$F$2:$F$2000,'Weekly Results'!$D$2:$D$2000,$B$3,'Weekly Results'!$B$2:$B$2000,">="&$B11,'Weekly Results'!$B$2:$B$2000,"<="&$C11)) | F11: =IF($I11=0,"",_xlfn.MAXIFS('Weekly Results'!$G$2:$G$2000,'Weekly Results'!$D$2:$D$2000,$B$3,'Weekly Results'!$B$2:$B$2000,">="&$B11,'Weekly Results'!$B$2:$B$2000,"<="&$C11)) | G11: =IF($I11=0,"",_xlfn.MAXIFS('Weekly Results'!$H$2:$H$2000,'Weekly Results'!$D$2:$D$2000,$B$3,'Weekly Results'!$B$2:$B$2000,">="&$B11,'Weekly Results'!$B$2:$B$2000,"<="&$C11)) | H11: =IF($I11=0,"",_xlfn.MAXIFS('Weekly Results'!$I$2:$I$2000,'Weekly Results'!$D$2:$D$2000,$B$3,'Weekly Results'!$B$2:$B$2000,">="&$B11,'Weekly Results'!$B$2:$B$2000,"<="&$C11)) | I11: =COUNTIFS('Weekly Results'!$D$2:$D$2000,$B$3,'Weekly Results'!$B$2:$B$2000,">="&$B11,'Weekly Results'!$B$2:$B$2000,"<="&$C11) -> 0
A12: Mar 2027 | B12: 46447 | C12: =EOMONTH(B12,0) -> 46477 | D12: =IF($I12=0,"",_xlfn.MAXIFS('Weekly Results'!$F$2:$F$2000,'Weekly Results'!$D$2:$D$2000,$B$3,'Weekly Results'!$B$2:$B$2000,">="&$B12,'Weekly Results'!$B$2:$B$2000,"<="&$C12)) | E12: =IF($I12=0,"",AVERAGEIFS('Weekly Results'!$F$2:$F$2000,'Weekly Results'!$D$2:$D$2000,$B$3,'Weekly Results'!$B$2:$B$2000,">="&$B12,'Weekly Results'!$B$2:$B$2000,"<="&$C12)) | F12: =IF($I12=0,"",_xlfn.MAXIFS('Weekly Results'!$G$2:$G$2000,'Weekly Results'!$D$2:$D$2000,$B$3,'Weekly Results'!$B$2:$B$2000,">="&$B12,'Weekly Results'!$B$2:$B$2000,"<="&$C12)) | G12: =IF($I12=0,"",_xlfn.MAXIFS('Weekly Results'!$H$2:$H$2000,'Weekly Results'!$D$2:$D$2000,$B$3,'Weekly Results'!$B$2:$B$2000,">="&$B12,'Weekly Results'!$B$2:$B$2000,"<="&$C12)) | H12: =IF($I12=0,"",_xlfn.MAXIFS('Weekly Results'!$I$2:$I$2000,'Weekly Results'!$D$2:$D$2000,$B$3,'Weekly Results'!$B$2:$B$2000,">="&$B12,'Weekly Results'!$B$2:$B$2000,"<="&$C12)) | I12: =COUNTIFS('Weekly Results'!$D$2:$D$2000,$B$3,'Weekly Results'!$B$2:$B$2000,">="&$B12,'Weekly Results'!$B$2:$B$2000,"<="&$C12) -> 0
A13: Apr 2027 | B13: 46478 | C13: =EOMONTH(B13,0) -> 46507 | D13: =IF($I13=0,"",_xlfn.MAXIFS('Weekly Results'!$F$2:$F$2000,'Weekly Results'!$D$2:$D$2000,$B$3,'Weekly Results'!$B$2:$B$2000,">="&$B13,'Weekly Results'!$B$2:$B$2000,"<="&$C13)) | E13: =IF($I13=0,"",AVERAGEIFS('Weekly Results'!$F$2:$F$2000,'Weekly Results'!$D$2:$D$2000,$B$3,'Weekly Results'!$B$2:$B$2000,">="&$B13,'Weekly Results'!$B$2:$B$2000,"<="&$C13)) | F13: =IF($I13=0,"",_xlfn.MAXIFS('Weekly Results'!$G$2:$G$2000,'Weekly Results'!$D$2:$D$2000,$B$3,'Weekly Results'!$B$2:$B$2000,">="&$B13,'Weekly Results'!$B$2:$B$2000,"<="&$C13)) | G13: =IF($I13=0,"",_xlfn.MAXIFS('Weekly Results'!$H$2:$H$2000,'Weekly Results'!$D$2:$D$2000,$B$3,'Weekly Results'!$B$2:$B$2000,">="&$B13,'Weekly Results'!$B$2:$B$2000,"<="&$C13)) | H13: =IF($I13=0,"",_xlfn.MAXIFS('Weekly Results'!$I$2:$I$2000,'Weekly Results'!$D$2:$D$2000,$B$3,'Weekly Results'!$B$2:$B$2000,">="&$B13,'Weekly Results'!$B$2:$B$2000,"<="&$C13)) | I13: =COUNTIFS('Weekly Results'!$D$2:$D$2000,$B$3,'Weekly Results'!$B$2:$B$2000,">="&$B13,'Weekly Results'!$B$2:$B$2000,"<="&$C13) -> 0
A14: May 2027 | B14: 46508 | C14: =EOMONTH(B14,0) -> 46538 | D14: =IF($I14=0,"",_xlfn.MAXIFS('Weekly Results'!$F$2:$F$2000,'Weekly Results'!$D$2:$D$2000,$B$3,'Weekly Results'!$B$2:$B$2000,">="&$B14,'Weekly Results'!$B$2:$B$2000,"<="&$C14)) | E14: =IF($I14=0,"",AVERAGEIFS('Weekly Results'!$F$2:$F$2000,'Weekly Results'!$D$2:$D$2000,$B$3,'Weekly Results'!$B$2:$B$2000,">="&$B14,'Weekly Results'!$B$2:$B$2000,"<="&$C14)) | F14: =IF($I14=0,"",_xlfn.MAXIFS('Weekly Results'!$G$2:$G$2000,'Weekly Results'!$D$2:$D$2000,$B$3,'Weekly Results'!$B$2:$B$2000,">="&$B14,'Weekly Results'!$B$2:$B$2000,"<="&$C14)) | G14: =IF($I14=0,"",_xlfn.MAXIFS('Weekly Results'!$H$2:$H$2000,'Weekly Results'!$D$2:$D$2000,$B$3,'Weekly Results'!$B$2:$B$2000,">="&$B14,'Weekly Results'!$B$2:$B$2000,"<="&$C14)) | H14: =IF($I14=0,"",_xlfn.MAXIFS('Weekly Results'!$I$2:$I$2000,'Weekly Results'!$D$2:$D$2000,$B$3,'Weekly Results'!$B$2:$B$2000,">="&$B14,'Weekly Results'!$B$2:$B$2000,"<="&$C14)) | I14: =COUNTIFS('Weekly Results'!$D$2:$D$2000,$B$3,'Weekly Results'!$B$2:$B$2000,">="&$B14,'Weekly Results'!$B$2:$B$2000,"<="&$C14) -> 0
A15: Jun 2027 | B15: 46539 | C15: =EOMONTH(B15,0) -> 46568 | D15: =IF($I15=0,"",_xlfn.MAXIFS('Weekly Results'!$F$2:$F$2000,'Weekly Results'!$D$2:$D$2000,$B$3,'Weekly Results'!$B$2:$B$2000,">="&$B15,'Weekly Results'!$B$2:$B$2000,"<="&$C15)) | E15: =IF($I15=0,"",AVERAGEIFS('Weekly Results'!$F$2:$F$2000,'Weekly Results'!$D$2:$D$2000,$B$3,'Weekly Results'!$B$2:$B$2000,">="&$B15,'Weekly Results'!$B$2:$B$2000,"<="&$C15)) | F15: =IF($I15=0,"",_xlfn.MAXIFS('Weekly Results'!$G$2:$G$2000,'Weekly Results'!$D$2:$D$2000,$B$3,'Weekly Results'!$B$2:$B$2000,">="&$B15,'Weekly Results'!$B$2:$B$2000,"<="&$C15)) | G15: =IF($I15=0,"",_xlfn.MAXIFS('Weekly Results'!$H$2:$H$2000,'Weekly Results'!$D$2:$D$2000,$B$3,'Weekly Results'!$B$2:$B$2000,">="&$B15,'Weekly Results'!$B$2:$B$2000,"<="&$C15)) | H15: =IF($I15=0,"",_xlfn.MAXIFS('Weekly Results'!$I$2:$I$2000,'Weekly Results'!$D$2:$D$2000,$B$3,'Weekly Results'!$B$2:$B$2000,">="&$B15,'Weekly Results'!$B$2:$B$2000,"<="&$C15)) | I15: =COUNTIFS('Weekly Results'!$D$2:$D$2000,$B$3,'Weekly Results'!$B$2:$B$2000,">="&$B15,'Weekly Results'!$B$2:$B$2000,"<="&$C15) -> 0
A16: Jul 2027 | B16: 46569 | C16: =EOMONTH(B16,0) -> 46599 | D16: =IF($I16=0,"",_xlfn.MAXIFS('Weekly Results'!$F$2:$F$2000,'Weekly Results'!$D$2:$D$2000,$B$3,'Weekly Results'!$B$2:$B$2000,">="&$B16,'Weekly Results'!$B$2:$B$2000,"<="&$C16)) | E16: =IF($I16=0,"",AVERAGEIFS('Weekly Results'!$F$2:$F$2000,'Weekly Results'!$D$2:$D$2000,$B$3,'Weekly Results'!$B$2:$B$2000,">="&$B16,'Weekly Results'!$B$2:$B$2000,"<="&$C16)) | F16: =IF($I16=0,"",_xlfn.MAXIFS('Weekly Results'!$G$2:$G$2000,'Weekly Results'!$D$2:$D$2000,$B$3,'Weekly Results'!$B$2:$B$2000,">="&$B16,'Weekly Results'!$B$2:$B$2000,"<="&$C16)) | G16: =IF($I16=0,"",_xlfn.MAXIFS('Weekly Results'!$H$2:$H$2000,'Weekly Results'!$D$2:$D$2000,$B$3,'Weekly Results'!$B$2:$B$2000,">="&$B16,'Weekly Results'!$B$2:$B$2000,"<="&$C16)) | H16: =IF($I16=0,"",_xlfn.MAXIFS('Weekly Results'!$I$2:$I$2000,'Weekly Results'!$D$2:$D$2000,$B$3,'Weekly Results'!$B$2:$B$2000,">="&$B16,'Weekly Results'!$B$2:$B$2000,"<="&$C16)) | I16: =COUNTIFS('Weekly Results'!$D$2:$D$2000,$B$3,'Weekly Results'!$B$2:$B$2000,">="&$B16,'Weekly Results'!$B$2:$B$2000,"<="&$C16) -> 0
A17: Aug 2027 | B17: 46600 | C17: =EOMONTH(B17,0) -> 46630 | D17: =IF($I17=0,"",_xlfn.MAXIFS('Weekly Results'!$F$2:$F$2000,'Weekly Results'!$D$2:$D$2000,$B$3,'Weekly Results'!$B$2:$B$2000,">="&$B17,'Weekly Results'!$B$2:$B$2000,"<="&$C17)) | E17: =IF($I17=0,"",AVERAGEIFS('Weekly Results'!$F$2:$F$2000,'Weekly Results'!$D$2:$D$2000,$B$3,'Weekly Results'!$B$2:$B$2000,">="&$B17,'Weekly Results'!$B$2:$B$2000,"<="&$C17)) | F17: =IF($I17=0,"",_xlfn.MAXIFS('Weekly Results'!$G$2:$G$2000,'Weekly Results'!$D$2:$D$2000,$B$3,'Weekly Results'!$B$2:$B$2000,">="&$B17,'Weekly Results'!$B$2:$B$2000,"<="&$C17)) | G17: =IF($I17=0,"",_xlfn.MAXIFS('Weekly Results'!$H$2:$H$2000,'Weekly Results'!$D$2:$D$2000,$B$3,'Weekly Results'!$B$2:$B$2000,">="&$B17,'Weekly Results'!$B$2:$B$2000,"<="&$C17)) | H17: =IF($I17=0,"",_xlfn.MAXIFS('Weekly Results'!$I$2:$I$2000,'Weekly Results'!$D$2:$D$2000,$B$3,'Weekly Results'!$B$2:$B$2000,">="&$B17,'Weekly Results'!$B$2:$B$2000,"<="&$C17)) | I17: =COUNTIFS('Weekly Results'!$D$2:$D$2000,$B$3,'Weekly Results'!$B$2:$B$2000,">="&$B17,'Weekly Results'!$B$2:$B$2000,"<="&$C17) -> 0

Sheet Squad Overview
A1: SQUAD OVERVIEW — SEASON PROGRAMME EFFECT
A3: AthleteID | B3: Name | C3: Team | D3: Baseline Throw (m) | E3: Season Best (m) | F3: Gain (m) | G3: Gain % | H3: Best Squat (lbs) | I3: Best Bench (lbs) | J3: Best Clean (lbs) | K3: Last Entry | L3: Overall Trend
A4: =IF(Athletes!A2="","",Athletes!A2) -> TRU001 | B4: =IF($A4="","",Athletes!B2) -> Sample Athlete A | C4: =IF($A4="","",Athletes!C2) -> UTech | D4: =IF($A4="","",Athletes!J2) -> 15.2 | E4: =IF($A4="","",IF(COUNTIF('Weekly Results'!$D$2:$D$2000,$A4)=0,"",_xlfn.MAXIFS('Weekly Results'!$F$2:$F$2000,'Weekly Results'!$D$2:$D$2000,$A4))) -> 15.48 | F4: =IF(OR($A4="",$E4="",$D4=""),"",$E4-$D4) -> 0.28 | G4: =IF(OR($A4="",$E4="",$D4="",$D4=0),"",($E4-$D4)/$D4) -> 0.018421053 | H4: =IF($A4="","",IF(COUNTIF('Weekly Results'!$D$2:$D$2000,$A4)=0,"",_xlfn.MAXIFS('Weekly Results'!$G$2:$G$2000,'Weekly Results'!$D$2:$D$2000,$A4))) -> 185 | I4: =IF($A4="","",IF(COUNTIF('Weekly Results'!$D$2:$D$2000,$A4)=0,"",_xlfn.MAXIFS('Weekly Results'!$H$2:$H$2000,'Weekly Results'!$D$2:$D$2000,$A4))) -> 122.5 | J4: =IF($A4="","",IF(COUNTIF('Weekly Results'!$D$2:$D$2000,$A4)=0,"",_xlfn.MAXIFS('Weekly Results'!$I$2:$I$2000,'Weekly Results'!$D$2:$D$2000,$A4))) -> 105 | K4: =IF($A4="","",IF(COUNTIF('Weekly Results'!$D$2:$D$2000,$A4)=0,"",_xlfn.MAXIFS('Weekly Results'!$B$2:$B$2000,'Weekly Results'!$D$2:$D$2000,$A4))) -> 46298 | L4: =IF($F4="","",IF($F4>0,"▲ Improving",IF($F4<0,"▼ Below baseline","— Holding"))) -> ▲ Improving
A5: =IF(Athletes!A3="","",Athletes!A3) -> TRU002 | B5: =IF($A5="","",Athletes!B3) -> Sample Athlete B | C5: =IF($A5="","",Athletes!C3) -> Excelsior High | D5: =IF($A5="","",Athletes!J3) -> 12.1 | E5: =IF($A5="","",IF(COUNTIF('Weekly Results'!$D$2:$D$2000,$A5)=0,"",_xlfn.MAXIFS('Weekly Results'!$F$2:$F$2000,'Weekly Results'!$D$2:$D$2000,$A5))) -> 12.3 | F5: =IF(OR($A5="",$E5="",$D5=""),"",$E5-$D5) -> 0.2 | G5: =IF(OR($A5="",$E5="",$D5="",$D5=0),"",($E5-$D5)/$D5) -> 0.016528926 | H5: =IF($A5="","",IF(COUNTIF('Weekly Results'!$D$2:$D$2000,$A5)=0,"",_xlfn.MAXIFS('Weekly Results'!$G$2:$G$2000,'Weekly Results'!$D$2:$D$2000,$A5))) -> 95 | I5: =IF($A5="","",IF(COUNTIF('Weekly Results'!$D$2:$D$2000,$A5)=0,"",_xlfn.MAXIFS('Weekly Results'!$H$2:$H$2000,'Weekly Results'!$D$2:$D$2000,$A5))) -> 60 | J5: =IF($A5="","",IF(COUNTIF('Weekly Results'!$D$2:$D$2000,$A5)=0,"",_xlfn.MAXIFS('Weekly Results'!$I$2:$I$2000,'Weekly Results'!$D$2:$D$2000,$A5))) -> 65 | K5: =IF($A5="","",IF(COUNTIF('Weekly Results'!$D$2:$D$2000,$A5)=0,"",_xlfn.MAXIFS('Weekly Results'!$B$2:$B$2000,'Weekly Results'!$D$2:$D$2000,$A5))) -> 46298 | L5: =IF($F5="","",IF($F5>0,"▲ Improving",IF($F5<0,"▼ Below baseline","— Holding"))) -> ▲ Improving
A6: =IF(Athletes!A4="","",Athletes!A4) -> TRU003 | B6: =IF($A6="","",Athletes!B4) -> Sample Athlete C | C6: =IF($A6="","",Athletes!C4) -> Throwers R Us | D6: =IF($A6="","",Athletes!J4) -> 54 | E6: =IF($A6="","",IF(COUNTIF('Weekly Results'!$D$2:$D$2000,$A6)=0,"",_xlfn.MAXIFS('Weekly Results'!$F$2:$F$2000,'Weekly Results'!$D$2:$D$2000,$A6))) -> 56.02 | F6: =IF(OR($A6="",$E6="",$D6=""),"",$E6-$D6) -> 2.02 | G6: =IF(OR($A6="",$E6="",$D6="",$D6=0),"",($E6-$D6)/$D6) -> 0.037407407 | H6: =IF($A6="","",IF(COUNTIF('Weekly Results'!$D$2:$D$2000,$A6)=0,"",_xlfn.MAXIFS('Weekly Results'!$G$2:$G$2000,'Weekly Results'!$D$2:$D$2000,$A6))) -> 145 | I6: =IF($A6="","",IF(COUNTIF('Weekly Results'!$D$2:$D$2000,$A6)=0,"",_xlfn.MAXIFS('Weekly Results'!$H$2:$H$2000,'Weekly Results'!$D$2:$D$2000,$A6))) -> 100 | J6: =IF($A6="","",IF(COUNTIF('Weekly Results'!$D$2:$D$2000,$A6)=0,"",_xlfn.MAXIFS('Weekly Results'!$I$2:$I$2000,'Weekly Results'!$D$2:$D$2000,$A6))) -> 90 | K6: =IF($A6="","",IF(COUNTIF('Weekly Results'!$D$2:$D$2000,$A6)=0,"",_xlfn.MAXIFS('Weekly Results'!$B$2:$B$2000,'Weekly Results'!$D$2:$D$2000,$A6))) -> 46298 | L6: =IF($F6="","",IF($F6>0,"▲ Improving",IF($F6<0,"▼ Below baseline","— Holding"))) -> ▲ Improving
A7: =IF(Athletes!A5="","",Athletes!A5) | B7: =IF($A7="","",Athletes!B5) | C7: =IF($A7="","",Athletes!C5) | D7: =IF($A7="","",Athletes!J5) | E7: =IF($A7="","",IF(COUNTIF('Weekly Results'!$D$2:$D$2000,$A7)=0,"",_xlfn.MAXIFS('Weekly Results'!$F$2:$F$2000,'Weekly Results'!$D$2:$D$2000,$A7))) | F7: =IF(OR($A7="",$E7="",$D7=""),"",$E7-$D7) | G7: =IF(OR($A7="",$E7="",$D7="",$D7=0),"",($E7-$D7)/$D7) | H7: =IF($A7="","",IF(COUNTIF('Weekly Results'!$D$2:$D$2000,$A7)=0,"",_xlfn.MAXIFS('Weekly Results'!$G$2:$G$2000,'Weekly Results'!$D$2:$D$2000,$A7))) | I7: =IF($A7="","",IF(COUNTIF('Weekly Results'!$D$2:$D$2000,$A7)=0,"",_xlfn.MAXIFS('Weekly Results'!$H$2:$H$2000,'Weekly Results'!$D$2:$D$2000,$A7))) | J7: =IF($A7="","",IF(COUNTIF('Weekly Results'!$D$2:$D$2000,$A7)=0,"",_xlfn.MAXIFS('Weekly Results'!$I$2:$I$2000,'Weekly Results'!$D$2:$D$2000,$A7))) | K7: =IF($A7="","",IF(COUNTIF('Weekly Results'!$D$2:$D$2000,$A7)=0,"",_xlfn.MAXIFS('Weekly Results'!$B$2:$B$2000,'Weekly Results'!$D$2:$D$2000,$A7))) | L7: =IF($F7="","",IF($F7>0,"▲ Improving",IF($F7<0,"▼ Below baseline","— Holding")))
A8: =IF(Athletes!A6="","",Athletes!A6) | B8: =IF($A8="","",Athletes!B6) | C8: =IF($A8="","",Athletes!C6) | D8: =IF($A8="","",Athletes!J6) | E8: =IF($A8="","",IF(COUNTIF('Weekly Results'!$D$2:$D$2000,$A8)=0,"",_xlfn.MAXIFS('Weekly Results'!$F$2:$F$2000,'Weekly Results'!$D$2:$D$2000,$A8))) | F8: =IF(OR($A8="",$E8="",$D8=""),"",$E8-$D8) | G8: =IF(OR($A8="",$E8="",$D8="",$D8=0),"",($E8-$D8)/$D8) | H8: =IF($A8="","",IF(COUNTIF('Weekly Results'!$D$2:$D$2000,$A8)=0,"",_xlfn.MAXIFS('Weekly Results'!$G$2:$G$2000,'Weekly Results'!$D$2:$D$2000,$A8))) | I8: =IF($A8="","",IF(COUNTIF('Weekly Results'!$D$2:$D$2000,$A8)=0,"",_xlfn.MAXIFS('Weekly Results'!$H$2:$H$2000,'Weekly Results'!$D$2:$D$2000,$A8))) | J8: =IF($A8="","",IF(COUNTIF('Weekly Results'!$D$2:$D$2000,$A8)=0,"",_xlfn.MAXIFS('Weekly Results'!$I$2:$I$2000,'Weekly Results'!$D$2:$D$2000,$A8))) | K8: =IF($A8="","",IF(COUNTIF('Weekly Results'!$D$2:$D$2000,$A8)=0,"",_xlfn.MAXIFS('Weekly Results'!$B$2:$B$2000,'Weekly Results'!$D$2:$D$2000,$A8))) | L8: =IF($F8="","",IF($F8>0,"▲ Improving",IF($F8<0,"▼ Below baseline","— Holding")))
A9: =IF(Athletes!A7="","",Athletes!A7) | B9: =IF($A9="","",Athletes!B7) | C9: =IF($A9="","",Athletes!C7) | D9: =IF($A9="","",Athletes!J7) | E9: =IF($A9="","",IF(COUNTIF('Weekly Results'!$D$2:$D$2000,$A9)=0,"",_xlfn.MAXIFS('Weekly Results'!$F$2:$F$2000,'Weekly Results'!$D$2:$D$2000,$A9))) | F9: =IF(OR($A9="",$E9="",$D9=""),"",$E9-$D9) | G9: =IF(OR($A9="",$E9="",$D9="",$D9=0),"",($E9-$D9)/$D9) | H9: =IF($A9="","",IF(COUNTIF('Weekly Results'!$D$2:$D$2000,$A9)=0,"",_xlfn.MAXIFS('Weekly Results'!$G$2:$G$2000,'Weekly Results'!$D$2:$D$2000,$A9))) | I9: =IF($A9="","",IF(COUNTIF('Weekly Results'!$D$2:$D$2000,$A9)=0,"",_xlfn.MAXIFS('Weekly Results'!$H$2:$H$2000,'Weekly Results'!$D$2:$D$2000,$A9))) | J9: =IF($A9="","",IF(COUNTIF('Weekly Results'!$D$2:$D$2000,$A9)=0,"",_xlfn.MAXIFS('Weekly Results'!$I$2:$I$2000,'Weekly Results'!$D$2:$D$2000,$A9))) | K9: =IF($A9="","",IF(COUNTIF('Weekly Results'!$D$2:$D$2000,$A9)=0,"",_xlfn.MAXIFS('Weekly Results'!$B$2:$B$2000,'Weekly Results'!$D$2:$D$2000,$A9))) | L9: =IF($F9="","",IF($F9>0,"▲ Improving",IF($F9<0,"▼ Below baseline","— Holding")))
A10: =IF(Athletes!A8="","",Athletes!A8) | B10: =IF($A10="","",Athletes!B8) | C10: =IF($A10="","",Athletes!C8) | D10: =IF($A10="","",Athletes!J8) | E10: =IF($A10="","",IF(COUNTIF('Weekly Results'!$D$2:$D$2000,$A10)=0,"",_xlfn.MAXIFS('Weekly Results'!$F$2:$F$2000,'Weekly Results'!$D$2:$D$2000,$A10))) | F10: =IF(OR($A10="",$E10="",$D10=""),"",$E10-$D10) | G10: =IF(OR($A10="",$E10="",$D10="",$D10=0),"",($E10-$D10)/$D10) | H10: =IF($A10="","",IF(COUNTIF('Weekly Results'!$D$2:$D$2000,$A10)=0,"",_xlfn.MAXIFS('Weekly Results'!$G$2:$G$2000,'Weekly Results'!$D$2:$D$2000,$A10))) | I10: =IF($A10="","",IF(COUNTIF('Weekly Results'!$D$2:$D$2000,$A10)=0,"",_xlfn.MAXIFS('Weekly Results'!$H$2:$H$2000,'Weekly Results'!$D$2:$D$2000,$A10))) | J10: =IF($A10="","",IF(COUNTIF('Weekly Results'!$D$2:$D$2000,$A10)=0,"",_xlfn.MAXIFS('Weekly Results'!$I$2:$I$2000,'Weekly Results'!$D$2:$D$2000,$A10))) | K10: =IF($A10="","",IF(COUNTIF('Weekly Results'!$D$2:$D$2000,$A10)=0,"",_xlfn.MAXIFS('Weekly Results'!$B$2:$B$2000,'Weekly Results'!$D$2:$D$2000,$A10))) | L10: =IF($F10="","",IF($F10>0,"▲ Improving",IF($F10<0,"▼ Below baseline","— Holding")))
A11: =IF(Athletes!A9="","",Athletes!A9) | B11: =IF($A11="","",Athletes!B9) | C11: =IF($A11="","",Athletes!C9) | D11: =IF($A11="","",Athletes!J9) | E11: =IF($A11="","",IF(COUNTIF('Weekly Results'!$D$2:$D$2000,$A11)=0,"",_xlfn.MAXIFS('Weekly Results'!$F$2:$F$2000,'Weekly Results'!$D$2:$D$2000,$A11))) | F11: =IF(OR($A11="",$E11="",$D11=""),"",$E11-$D11) | G11: =IF(OR($A11="",$E11="",$D11="",$D11=0),"",($E11-$D11)/$D11) | H11: =IF($A11="","",IF(COUNTIF('Weekly Results'!$D$2:$D$2000,$A11)=0,"",_xlfn.MAXIFS('Weekly Results'!$G$2:$G$2000,'Weekly Results'!$D$2:$D$2000,$A11))) | I11: =IF($A11="","",IF(COUNTIF('Weekly Results'!$D$2:$D$2000,$A11)=0,"",_xlfn.MAXIFS('Weekly Results'!$H$2:$H$2000,'Weekly Results'!$D$2:$D$2000,$A11))) | J11: =IF($A11="","",IF(COUNTIF('Weekly Results'!$D$2:$D$2000,$A11)=0,"",_xlfn.MAXIFS('Weekly Results'!$I$2:$I$2000,'Weekly Results'!$D$2:$D$2000,$A11))) | K11: =IF($A11="","",IF(COUNTIF('Weekly Results'!$D$2:$D$2000,$A11)=0,"",_xlfn.MAXIFS('Weekly Results'!$B$2:$B$2000,'Weekly Results'!$D$2:$D$2000,$A11))) | L11: =IF($F11="","",IF($F11>0,"▲ Improving",IF($F11<0,"▼ Below baseline","— Holding")))
A12: =IF(Athletes!A10="","",Athletes!A10) | B12: =IF($A12="","",Athletes!B10) | C12: =IF($A12="","",Athletes!C10) | D12: =IF($A12="","",Athletes!J10) | E12: =IF($A12="","",IF(COUNTIF('Weekly Results'!$D$2:$D$2000,$A12)=0,"",_xlfn.MAXIFS('Weekly Results'!$F$2:$F$2000,'Weekly Results'!$D$2:$D$2000,$A12))) | F12: =IF(OR($A12="",$E12="",$D12=""),"",$E12-$D12) | G12: =IF(OR($A12="",$E12="",$D12="",$D12=0),"",($E12-$D12)/$D12) | H12: =IF($A12="","",IF(COUNTIF('Weekly Results'!$D$2:$D$2000,$A12)=0,"",_xlfn.MAXIFS('Weekly Results'!$G$2:$G$2000,'Weekly Results'!$D$2:$D$2000,$A12))) | I12: =IF($A12="","",IF(COUNTIF('Weekly Results'!$D$2:$D$2000,$A12)=0,"",_xlfn.MAXIFS('Weekly Results'!$H$2:$H$2000,'Weekly Results'!$D$2:$D$2000,$A12))) | J12: =IF($A12="","",IF(COUNTIF('Weekly Results'!$D$2:$D$2000,$A12)=0,"",_xlfn.MAXIFS('Weekly Results'!$I$2:$I$2000,'Weekly Results'!$D$2:$D$2000,$A12))) | K12: =IF($A12="","",IF(COUNTIF('Weekly Results'!$D$2:$D$2000,$A12)=0,"",_xlfn.MAXIFS('Weekly Results'!$B$2:$B$2000,'Weekly Results'!$D$2:$D$2000,$A12))) | L12: =IF($F12="","",IF($F12>0,"▲ Improving",IF($F12<0,"▼ Below baseline","— Holding")))
A13: =IF(Athletes!A11="","",Athletes!A11) | B13: =IF($A13="","",Athletes!B11) | C13: =IF($A13="","",Athletes!C11) | D13: =IF($A13="","",Athletes!J11) | E13: =IF($A13="","",IF(COUNTIF('Weekly Results'!$D$2:$D$2000,$A13)=0,"",_xlfn.MAXIFS('Weekly Results'!$F$2:$F$2000,'Weekly Results'!$D$2:$D$2000,$A13))) | F13: =IF(OR($A13="",$E13="",$D13=""),"",$E13-$D13) | G13: =IF(OR($A13="",$E13="",$D13="",$D13=0),"",($E13-$D13)/$D13) | H13: =IF($A13="","",IF(COUNTIF('Weekly Results'!$D$2:$D$2000,$A13)=0,"",_xlfn.MAXIFS('Weekly Results'!$G$2:$G$2000,'Weekly Results'!$D$2:$D$2000,$A13))) | I13: =IF($A13="","",IF(COUNTIF('Weekly Results'!$D$2:$D$2000,$A13)=0,"",_xlfn.MAXIFS('Weekly Results'!$H$2:$H$2000,'Weekly Results'!$D$2:$D$2000,$A13))) | J13: =IF($A13="","",IF(COUNTIF('Weekly Results'!$D$2:$D$2000,$A13)=0,"",_xlfn.MAXIFS('Weekly Results'!$I$2:$I$2000,'Weekly Results'!$D$2:$D$2000,$A13))) | K13: =IF($A13="","",IF(COUNTIF('Weekly Results'!$D$2:$D$2000,$A13)=0,"",_xlfn.MAXIFS('Weekly Results'!$B$2:$B$2000,'Weekly Results'!$D$2:$D$2000,$A13))) | L13: =IF($F13="","",IF($F13>0,"▲ Improving",IF($F13<0,"▼ Below baseline","— Holding")))
A14: =IF(Athletes!A12="","",Athletes!A12) | B14: =IF($A14="","",Athletes!B12) | C14: =IF($A14="","",Athletes!C12) | D14: =IF($A14="","",Athletes!J12) | E14: =IF($A14="","",IF(COUNTIF('Weekly Results'!$D$2:$D$2000,$A14)=0,"",_xlfn.MAXIFS('Weekly Results'!$F$2:$F$2000,'Weekly Results'!$D$2:$D$2000,$A14))) | F14: =IF(OR($A14="",$E14="",$D14=""),"",$E14-$D14) | G14: =IF(OR($A14="",$E14="",$D14="",$D14=0),"",($E14-$D14)/$D14) | H14: =IF($A14="","",IF(COUNTIF('Weekly Results'!$D$2:$D$2000,$A14)=0,"",_xlfn.MAXIFS('Weekly Results'!$G$2:$G$2000,'Weekly Results'!$D$2:$D$2000,$A14))) | I14: =IF($A14="","",IF(COUNTIF('Weekly Results'!$D$2:$D$2000,$A14)=0,"",_xlfn.MAXIFS('Weekly Results'!$H$2:$H$2000,'Weekly Results'!$D$2:$D$2000,$A14))) | J14: =IF($A14="","",IF(COUNTIF('Weekly Results'!$D$2:$D$2000,$A14)=0,"",_xlfn.MAXIFS('Weekly Results'!$I$2:$I$2000,'Weekly Results'!$D$2:$D$2000,$A14))) | K14: =IF($A14="","",IF(COUNTIF('Weekly Results'!$D$2:$D$2000,$A14)=0,"",_xlfn.MAXIFS('Weekly Results'!$B$2:$B$2000,'Weekly Results'!$D$2:$D$2000,$A14))) | L14: =IF($F14="","",IF($F14>0,"▲ Improving",IF($F14<0,"▼ Below baseline","— Holding")))
A15: =IF(Athletes!A13="","",Athletes!A13) | B15: =IF($A15="","",Athletes!B13) | C15: =IF($A15="","",Athletes!C13) | D15: =IF($A15="","",Athletes!J13) | E15: =IF($A15="","",IF(COUNTIF('Weekly Results'!$D$2:$D$2000,$A15)=0,"",_xlfn.MAXIFS('Weekly Results'!$F$2:$F$2000,'Weekly Results'!$D$2:$D$2000,$A15))) | F15: =IF(OR($A15="",$E15="",$D15=""),"",$E15-$D15) | G15: =IF(OR($A15="",$E15="",$D15="",$D15=0),"",($E15-$D15)/$D15) | H15: =IF($A15="","",IF(COUNTIF('Weekly Results'!$D$2:$D$2000,$A15)=0,"",_xlfn.MAXIFS('Weekly Results'!$G$2:$G$2000,'Weekly Results'!$D$2:$D$2000,$A15))) | I15: =IF($A15="","",IF(COUNTIF('Weekly Results'!$D$2:$D$2000,$A15)=0,"",_xlfn.MAXIFS('Weekly Results'!$H$2:$H$2000,'Weekly Results'!$D$2:$D$2000,$A15))) | J15: =IF($A15="","",IF(COUNTIF('Weekly Results'!$D$2:$D$2000,$A15)=0,"",_xlfn.MAXIFS('Weekly Results'!$I$2:$I$2000,'Weekly Results'!$D$2:$D$2000,$A15))) | K15: =IF($A15="","",IF(COUNTIF('Weekly Results'!$D$2:$D$2000,$A15)=0,"",_xlfn.MAXIFS('Weekly Results'!$B$2:$B$2000,'Weekly Results'!$D$2:$D$2000,$A15))) | L15: =IF($F15="","",IF($F15>0,"▲ Improving",IF($F15<0,"▼ Below baseline","— Holding")))
... A43: =IF(Athletes!A41="","",Athletes!A41) | B43: =IF($A43="","",Athletes!B41) | C43: =IF($A43="","",Athletes!C41) | D43: =IF($A43="","",Athletes!J41) | E43: =IF($A43="","",IF(COUNTIF('Weekly Results'!$D$2:$D$2000,$A43)=0,"",_xlfn.MAXIFS('Weekly Results'!$F$2:$F$2000,'Weekly Results'!$D$2:$D$2000,$A43))) | F43: =IF(OR($A43="",$E43="",$D43=""),"",$E43-$D43) | G43: =IF(OR($A43="",$E43="",$D43="",$D43=0),"",($E43-$D43)/$D43) | H43: =IF($A43="","",IF(COUNTIF('Weekly Results'!$D$2:$D$2000,$A43)=0,"",_xlfn.MAXIFS('Weekly Results'!$G$2:$G$2000,'Weekly Results'!$D$2:$D$2000,$A43))) | I43: =IF($A43="","",IF(COUNTIF('Weekly Results'!$D$2:$D$2000,$A43)=0,"",_xlfn.MAXIFS('Weekly Results'!$H$2:$H$2000,'Weekly Results'!$D$2:$D$2000,$A43))) | J43: =IF($A43="","",IF(COUNTIF('Weekly Results'!$D$2:$D$2000,$A43)=0,"",_xlfn.MAXIFS('Weekly Results'!$I$2:$I$2000,'Weekly Results'!$D$2:$D$2000,$A43))) | K43: =IF($A43="","",IF(COUNTIF('Weekly Results'!$D$2:$D$2000,$A43)=0,"",_xlfn.MAXIFS('Weekly Results'!$B$2:$B$2000,'Weekly Results'!$D$2:$D$2000,$A43))) | L43: =IF($F43="","",IF($F43>0,"▲ Improving",IF($F43<0,"▼ Below baseline","— Holding")))

Sheet Set % Engine
A1: SET % ENGINE — MESO 1 (edit blue values to re-programme every athlete at once)
B3: WEEK 1 | C3: WEEK 2 | D3: WEEK 3 | E3: WEEK 4
A4: Week Intensity (of 1RM) | B4: 0.9 | C4: 0.85 | D4: 0.82 | E4: 0.95
A5: Rep Scheme | B5: 5 x 8, 8, 6, 6, 4 | C5: 5 x 5 | D5: 5 x 3 / 4 x 4 | E5: 2 x 3 / 3 x 1
A6: SET PYRAMID % (per set, of week working max)
A7: Set 1 | B7: 0.8 | C7: 0.78 | D7: 0.819 | E7: 0.8701875
A8: Set 2 | B8: 0.72 | C8: 0.702 | D8: 0.7371 | E8: 0.78316875
A9: Set 3 | B9: 0.648 | C9: 0.71955 | D9: 0.66339 | E9: 0.80274797
A10: Set 4 | B10: 0.7128 | C10: 0.7555275 | D10: 0.729729 | E10: 0.88302277
A11: Set 5 | B11: 0.78408 | C11: 0.79330387 | D11: 0.8027019 | E11: 0.90509833
A14: DERIVED LIFT RATIOS (auto-calculated maxes on Max Master)
A15: Derived Lift | B15: Based On | C15: Ratio
A16: FRONT SQUATS | B16: SQUATS | C16: 0.8
A17: INCLINE BENCH | B17: WIDE BENCH PRESS | C17: 0.8
A18: FRONT PRESS | B18: BACK PRESS | C18: 0.8
A19: CLEAN PRESS, BACK PRESS | B19: CLEANS | C19: 0.8
A20: OHEAD SQUAT | B20: BACK PRESS | C20: 0.8
A21: SQUAT TO BACK PRESS | B21: BACK PRESS | C21: 0.8
A22: FRONT SQUAT TO PRESS | B22: FRONT PRESS | C22: 0.8
A23: CLEAN HI PULL | B23: CLEANS | C23: 1.15
A24: SNATCH PULL | B24: SNATCH | C24: 1.15
A27: All loads round UP to the nearest 5 lbs (plate loading), exactly as in your 2025 sheets.

Sheet Max Master
A1: MAX MASTER — one roster drives every athlete's programme
A3: No. | B3: Name | C3: WIDE BENCH PRESS | D3: BACK PRESS | E3: SQUATS | F3: CLEANS | G3: SNATCH | H3: DEADLIFTS | I3: Test Date | J3: FRONT SQUATS | K3: INCLINE BENCH | L3: FRONT PRESS | M3: CLEAN PRESS, BACK PRESS | N3: OHEAD SQUAT | O3: SQUAT TO BACK PRESS | P3: FRONT SQUAT TO PRESS | Q3: CLEAN HI PULL | R3: SNATCH PULL
A4: 1 | B4: Adonay Fearon | C4: 235 | D4: 210 | E4: 315 | F4: 135 | G4: 85 | H4: 200 | J4: =IF(OR($E4="",$E4=0),"",CEILING($E4*'Set % Engine'!$C$16,5)) -> 255 | K4: =IF(OR($C4="",$C4=0),"",CEILING($C4*'Set % Engine'!$C$17,5)) -> 190 | L4: =IF(OR($D4="",$D4=0),"",CEILING($D4*'Set % Engine'!$C$18,5)) -> 170 | M4: =IF(OR($F4="",$F4=0),"",CEILING($F4*'Set % Engine'!$C$19,5)) -> 110 | N4: =IF(OR($D4="",$D4=0),"",CEILING($D4*'Set % Engine'!$C$20,5)) -> 170 | O4: =IF(OR($D4="",$D4=0),"",CEILING($D4*'Set % Engine'!$C$21,5)) -> 170 | P4: =IF(OR($L4="",$L4=0),"",CEILING($L4*'Set % Engine'!$C$22,5)) -> 140 | Q4: =IF(OR($F4="",$F4=0),"",CEILING($F4*'Set % Engine'!$C$23,5)) -> 160 | R4: =IF(OR($G4="",$G4=0),"",CEILING($G4*'Set % Engine'!$C$24,5)) -> 100
A5: 2 | B5: Adrienne Adams | J5: =IF(OR($E5="",$E5=0),"",CEILING($E5*'Set % Engine'!$C$16,5)) | K5: =IF(OR($C5="",$C5=0),"",CEILING($C5*'Set % Engine'!$C$17,5)) | L5: =IF(OR($D5="",$D5=0),"",CEILING($D5*'Set % Engine'!$C$18,5)) | M5: =IF(OR($F5="",$F5=0),"",CEILING($F5*'Set % Engine'!$C$19,5)) | N5: =IF(OR($D5="",$D5=0),"",CEILING($D5*'Set % Engine'!$C$20,5)) | O5: =IF(OR($D5="",$D5=0),"",CEILING($D5*'Set % Engine'!$C$21,5)) | P5: =IF(OR($L5="",$L5=0),"",CEILING($L5*'Set % Engine'!$C$22,5)) | Q5: =IF(OR($F5="",$F5=0),"",CEILING($F5*'Set % Engine'!$C$23,5)) | R5: =IF(OR($G5="",$G5=0),"",CEILING($G5*'Set % Engine'!$C$24,5))
A6: 3 | B6: Akayla Brown | C6: 215 | D6: 185 | E6: 305 | F6: 125 | G6: 100 | H6: 205 | J6: =IF(OR($E6="",$E6=0),"",CEILING($E6*'Set % Engine'!$C$16,5)) -> 245 | K6: =IF(OR($C6="",$C6=0),"",CEILING($C6*'Set % Engine'!$C$17,5)) -> 175 | L6: =IF(OR($D6="",$D6=0),"",CEILING($D6*'Set % Engine'!$C$18,5)) -> 150 | M6: =IF(OR($F6="",$F6=0),"",CEILING($F6*'Set % Engine'!$C$19,5)) -> 100 | N6: =IF(OR($D6="",$D6=0),"",CEILING($D6*'Set % Engine'!$C$20,5)) -> 150 | O6: =IF(OR($D6="",$D6=0),"",CEILING($D6*'Set % Engine'!$C$21,5)) -> 150 | P6: =IF(OR($L6="",$L6=0),"",CEILING($L6*'Set % Engine'!$C$22,5)) -> 120 | Q6: =IF(OR($F6="",$F6=0),"",CEILING($F6*'Set % Engine'!$C$23,5)) -> 145 | R6: =IF(OR($G6="",$G6=0),"",CEILING($G6*'Set % Engine'!$C$24,5)) -> 115
A7: 4 | B7: Alyssa Forrester | C7: 205 | D7: 185 | E7: 295 | F7: 135 | J7: =IF(OR($E7="",$E7=0),"",CEILING($E7*'Set % Engine'!$C$16,5)) -> 240 | K7: =IF(OR($C7="",$C7=0),"",CEILING($C7*'Set % Engine'!$C$17,5)) -> 165 | L7: =IF(OR($D7="",$D7=0),"",CEILING($D7*'Set % Engine'!$C$18,5)) -> 150 | M7: =IF(OR($F7="",$F7=0),"",CEILING($F7*'Set % Engine'!$C$19,5)) -> 110 | N7: =IF(OR($D7="",$D7=0),"",CEILING($D7*'Set % Engine'!$C$20,5)) -> 150 | O7: =IF(OR($D7="",$D7=0),"",CEILING($D7*'Set % Engine'!$C$21,5)) -> 150 | P7: =IF(OR($L7="",$L7=0),"",CEILING($L7*'Set % Engine'!$C$22,5)) -> 120 | Q7: =IF(OR($F7="",$F7=0),"",CEILING($F7*'Set % Engine'!$C$23,5)) -> 160 | R7: =IF(OR($G7="",$G7=0),"",CEILING($G7*'Set % Engine'!$C$24,5))
A8: 5 | B8: Brycen Bailey | C8: 205 | D8: 195 | E8: 275 | F8: 145 | J8: =IF(OR($E8="",$E8=0),"",CEILING($E8*'Set % Engine'!$C$16,5)) -> 220 | K8: =IF(OR($C8="",$C8=0),"",CEILING($C8*'Set % Engine'!$C$17,5)) -> 165 | L8: =IF(OR($D8="",$D8=0),"",CEILING($D8*'Set % Engine'!$C$18,5)) -> 160 | M8: =IF(OR($F8="",$F8=0),"",CEILING($F8*'Set % Engine'!$C$19,5)) -> 120 | N8: =IF(OR($D8="",$D8=0),"",CEILING($D8*'Set % Engine'!$C$20,5)) -> 160 | O8: =IF(OR($D8="",$D8=0),"",CEILING($D8*'Set % Engine'!$C$21,5)) -> 160 | P8: =IF(OR($L8="",$L8=0),"",CEILING($L8*'Set % Engine'!$C$22,5)) -> 130 | Q8: =IF(OR($F8="",$F8=0),"",CEILING($F8*'Set % Engine'!$C$23,5)) -> 170 | R8: =IF(OR($G8="",$G8=0),"",CEILING($G8*'Set % Engine'!$C$24,5))
A9: 6 | B9: Daniel Thompson | C9: 325 | D9: 315 | E9: 500 | F9: 205 | G9: 160 | H9: 295 | J9: =IF(OR($E9="",$E9=0),"",CEILING($E9*'Set % Engine'!$C$16,5)) -> 400 | K9: =IF(OR($C9="",$C9=0),"",CEILING($C9*'Set % Engine'!$C$17,5)) -> 260 | L9: =IF(OR($D9="",$D9=0),"",CEILING($D9*'Set % Engine'!$C$18,5)) -> 255 | M9: =IF(OR($F9="",$F9=0),"",CEILING($F9*'Set % Engine'!$C$19,5)) -> 165 | N9: =IF(OR($D9="",$D9=0),"",CEILING($D9*'Set % Engine'!$C$20,5)) -> 255 | O9: =IF(OR($D9="",$D9=0),"",CEILING($D9*'Set % Engine'!$C$21,5)) -> 255 | P9: =IF(OR($L9="",$L9=0),"",CEILING($L9*'Set % Engine'!$C$22,5)) -> 205 | Q9: =IF(OR($F9="",$F9=0),"",CEILING($F9*'Set % Engine'!$C$23,5)) -> 240 | R9: =IF(OR($G9="",$G9=0),"",CEILING($G9*'Set % Engine'!$C$24,5)) -> 185
A10: 7 | B10: Gianna Clayton | J10: =IF(OR($E10="",$E10=0),"",CEILING($E10*'Set % Engine'!$C$16,5)) | K10: =IF(OR($C10="",$C10=0),"",CEILING($C10*'Set % Engine'!$C$17,5)) | L10: =IF(OR($D10="",$D10=0),"",CEILING($D10*'Set % Engine'!$C$18,5)) | M10: =IF(OR($F10="",$F10=0),"",CEILING($F10*'Set % Engine'!$C$19,5)) | N10: =IF(OR($D10="",$D10=0),"",CEILING($D10*'Set % Engine'!$C$20,5)) | O10: =IF(OR($D10="",$D10=0),"",CEILING($D10*'Set % Engine'!$C$21,5)) | P10: =IF(OR($L10="",$L10=0),"",CEILING($L10*'Set % Engine'!$C$22,5)) | Q10: =IF(OR($F10="",$F10=0),"",CEILING($F10*'Set % Engine'!$C$23,5)) | R10: =IF(OR($G10="",$G10=0),"",CEILING($G10*'Set % Engine'!$C$24,5))
A11: 8 | B11: Gisan Ashley | J11: =IF(OR($E11="",$E11=0),"",CEILING($E11*'Set % Engine'!$C$16,5)) | K11: =IF(OR($C11="",$C11=0),"",CEILING($C11*'Set % Engine'!$C$17,5)) | L11: =IF(OR($D11="",$D11=0),"",CEILING($D11*'Set % Engine'!$C$18,5)) | M11: =IF(OR($F11="",$F11=0),"",CEILING($F11*'Set % Engine'!$C$19,5)) | N11: =IF(OR($D11="",$D11=0),"",CEILING($D11*'Set % Engine'!$C$20,5)) | O11: =IF(OR($D11="",$D11=0),"",CEILING($D11*'Set % Engine'!$C$21,5)) | P11: =IF(OR($L11="",$L11=0),"",CEILING($L11*'Set % Engine'!$C$22,5)) | Q11: =IF(OR($F11="",$F11=0),"",CEILING($F11*'Set % Engine'!$C$23,5)) | R11: =IF(OR($G11="",$G11=0),"",CEILING($G11*'Set % Engine'!$C$24,5))
A12: 9 | B12: Jerome Wallace | J12: =IF(OR($E12="",$E12=0),"",CEILING($E12*'Set % Engine'!$C$16,5)) | K12: =IF(OR($C12="",$C12=0),"",CEILING($C12*'Set % Engine'!$C$17,5)) | L12: =IF(OR($D12="",$D12=0),"",CEILING($D12*'Set % Engine'!$C$18,5)) | M12: =IF(OR($F12="",$F12=0),"",CEILING($F12*'Set % Engine'!$C$19,5)) | N12: =IF(OR($D12="",$D12=0),"",CEILING($D12*'Set % Engine'!$C$20,5)) | O12: =IF(OR($D12="",$D12=0),"",CEILING($D12*'Set % Engine'!$C$21,5)) | P12: =IF(OR($L12="",$L12=0),"",CEILING($L12*'Set % Engine'!$C$22,5)) | Q12: =IF(OR($F12="",$F12=0),"",CEILING($F12*'Set % Engine'!$C$23,5)) | R12: =IF(OR($G12="",$G12=0),"",CEILING($G12*'Set % Engine'!$C$24,5))
A13: 10 | B13: Joshua Munroe | J13: =IF(OR($E13="",$E13=0),"",CEILING($E13*'Set % Engine'!$C$16,5)) | K13: =IF(OR($C13="",$C13=0),"",CEILING($C13*'Set % Engine'!$C$17,5)) | L13: =IF(OR($D13="",$D13=0),"",CEILING($D13*'Set % Engine'!$C$18,5)) | M13: =IF(OR($F13="",$F13=0),"",CEILING($F13*'Set % Engine'!$C$19,5)) | N13: =IF(OR($D13="",$D13=0),"",CEILING($D13*'Set % Engine'!$C$20,5)) | O13: =IF(OR($D13="",$D13=0),"",CEILING($D13*'Set % Engine'!$C$21,5)) | P13: =IF(OR($L13="",$L13=0),"",CEILING($L13*'Set % Engine'!$C$22,5)) | Q13: =IF(OR($F13="",$F13=0),"",CEILING($F13*'Set % Engine'!$C$23,5)) | R13: =IF(OR($G13="",$G13=0),"",CEILING($G13*'Set % Engine'!$C$24,5))
A14: 11 | B14: Kahllah Bailey | J14: =IF(OR($E14="",$E14=0),"",CEILING($E14*'Set % Engine'!$C$16,5)) | K14: =IF(OR($C14="",$C14=0),"",CEILING($C14*'Set % Engine'!$C$17,5)) | L14: =IF(OR($D14="",$D14=0),"",CEILING($D14*'Set % Engine'!$C$18,5)) | M14: =IF(OR($F14="",$F14=0),"",CEILING($F14*'Set % Engine'!$C$19,5)) | N14: =IF(OR($D14="",$D14=0),"",CEILING($D14*'Set % Engine'!$C$20,5)) | O14: =IF(OR($D14="",$D14=0),"",CEILING($D14*'Set % Engine'!$C$21,5)) | P14: =IF(OR($L14="",$L14=0),"",CEILING($L14*'Set % Engine'!$C$22,5)) | Q14: =IF(OR($F14="",$F14=0),"",CEILING($F14*'Set % Engine'!$C$23,5)) | R14: =IF(OR($G14="",$G14=0),"",CEILING($G14*'Set % Engine'!$C$24,5))
A15: 12 | B15: Katie Gordon | J15: =IF(OR($E15="",$E15=0),"",CEILING($E15*'Set % Engine'!$C$16,5)) | K15: =IF(OR($C15="",$C15=0),"",CEILING($C15*'Set % Engine'!$C$17,5)) | L15: =IF(OR($D15="",$D15=0),"",CEILING($D15*'Set % Engine'!$C$18,5)) | M15: =IF(OR($F15="",$F15=0),"",CEILING($F15*'Set % Engine'!$C$19,5)) | N15: =IF(OR($D15="",$D15=0),"",CEILING($D15*'Set % Engine'!$C$20,5)) | O15: =IF(OR($D15="",$D15=0),"",CEILING($D15*'Set % Engine'!$C$21,5)) | P15: =IF(OR($L15="",$L15=0),"",CEILING($L15*'Set % Engine'!$C$22,5)) | Q15: =IF(OR($F15="",$F15=0),"",CEILING($F15*'Set % Engine'!$C$23,5)) | R15: =IF(OR($G15="",$G15=0),"",CEILING($G15*'Set % Engine'!$C$24,5))
A16: 13 | B16: Kayla Honeywell | J16: =IF(OR($E16="",$E16=0),"",CEILING($E16*'Set % Engine'!$C$16,5)) | K16: =IF(OR($C16="",$C16=0),"",CEILING($C16*'Set % Engine'!$C$17,5)) | L16: =IF(OR($D16="",$D16=0),"",CEILING($D16*'Set % Engine'!$C$18,5)) | M16: =IF(OR($F16="",$F16=0),"",CEILING($F16*'Set % Engine'!$C$19,5)) | N16: =IF(OR($D16="",$D16=0),"",CEILING($D16*'Set % Engine'!$C$20,5)) | O16: =IF(OR($D16="",$D16=0),"",CEILING($D16*'Set % Engine'!$C$21,5)) | P16: =IF(OR($L16="",$L16=0),"",CEILING($L16*'Set % Engine'!$C$22,5)) | Q16: =IF(OR($F16="",$F16=0),"",CEILING($F16*'Set % Engine'!$C$23,5)) | R16: =IF(OR($G16="",$G16=0),"",CEILING($G16*'Set % Engine'!$C$24,5))
A17: 14 | B17: Kimberly Johnson | J17: =IF(OR($E17="",$E17=0),"",CEILING($E17*'Set % Engine'!$C$16,5)) | K17: =IF(OR($C17="",$C17=0),"",CEILING($C17*'Set % Engine'!$C$17,5)) | L17: =IF(OR($D17="",$D17=0),"",CEILING($D17*'Set % Engine'!$C$18,5)) | M17: =IF(OR($F17="",$F17=0),"",CEILING($F17*'Set % Engine'!$C$19,5)) | N17: =IF(OR($D17="",$D17=0),"",CEILING($D17*'Set % Engine'!$C$20,5)) | O17: =IF(OR($D17="",$D17=0),"",CEILING($D17*'Set % Engine'!$C$21,5)) | P17: =IF(OR($L17="",$L17=0),"",CEILING($L17*'Set % Engine'!$C$22,5)) | Q17: =IF(OR($F17="",$F17=0),"",CEILING($F17*'Set % Engine'!$C$23,5)) | R17: =IF(OR($G17="",$G17=0),"",CEILING($G17*'Set % Engine'!$C$24,5))
A18: 15 | B18: Kimeka Smith | J18: =IF(OR($E18="",$E18=0),"",CEILING($E18*'Set % Engine'!$C$16,5)) | K18: =IF(OR($C18="",$C18=0),"",CEILING($C18*'Set % Engine'!$C$17,5)) | L18: =IF(OR($D18="",$D18=0),"",CEILING($D18*'Set % Engine'!$C$18,5)) | M18: =IF(OR($F18="",$F18=0),"",CEILING($F18*'Set % Engine'!$C$19,5)) | N18: =IF(OR($D18="",$D18=0),"",CEILING($D18*'Set % Engine'!$C$20,5)) | O18: =IF(OR($D18="",$D18=0),"",CEILING($D18*'Set % Engine'!$C$21,5)) | P18: =IF(OR($L18="",$L18=0),"",CEILING($L18*'Set % Engine'!$C$22,5)) | Q18: =IF(OR($F18="",$F18=0),"",CEILING($F18*'Set % Engine'!$C$23,5)) | R18: =IF(OR($G18="",$G18=0),"",CEILING($G18*'Set % Engine'!$C$24,5))
A19: 16 | B19: Lamoy Livingston | J19: =IF(OR($E19="",$E19=0),"",CEILING($E19*'Set % Engine'!$C$16,5)) | K19: =IF(OR($C19="",$C19=0),"",CEILING($C19*'Set % Engine'!$C$17,5)) | L19: =IF(OR($D19="",$D19=0),"",CEILING($D19*'Set % Engine'!$C$18,5)) | M19: =IF(OR($F19="",$F19=0),"",CEILING($F19*'Set % Engine'!$C$19,5)) | N19: =IF(OR($D19="",$D19=0),"",CEILING($D19*'Set % Engine'!$C$20,5)) | O19: =IF(OR($D19="",$D19=0),"",CEILING($D19*'Set % Engine'!$C$21,5)) | P19: =IF(OR($L19="",$L19=0),"",CEILING($L19*'Set % Engine'!$C$22,5)) | Q19: =IF(OR($F19="",$F19=0),"",CEILING($F19*'Set % Engine'!$C$23,5)) | R19: =IF(OR($G19="",$G19=0),"",CEILING($G19*'Set % Engine'!$C$24,5))
A20: 17 | B20: Najhada Seymoure | J20: =IF(OR($E20="",$E20=0),"",CEILING($E20*'Set % Engine'!$C$16,5)) | K20: =IF(OR($C20="",$C20=0),"",CEILING($C20*'Set % Engine'!$C$17,5)) | L20: =IF(OR($D20="",$D20=0),"",CEILING($D20*'Set % Engine'!$C$18,5)) | M20: =IF(OR($F20="",$F20=0),"",CEILING($F20*'Set % Engine'!$C$19,5)) | N20: =IF(OR($D20="",$D20=0),"",CEILING($D20*'Set % Engine'!$C$20,5)) | O20: =IF(OR($D20="",$D20=0),"",CEILING($D20*'Set % Engine'!$C$21,5)) | P20: =IF(OR($L20="",$L20=0),"",CEILING($L20*'Set % Engine'!$C$22,5)) | Q20: =IF(OR($F20="",$F20=0),"",CEILING($F20*'Set % Engine'!$C$23,5)) | R20: =IF(OR($G20="",$G20=0),"",CEILING($G20*'Set % Engine'!$C$24,5))
A21: 18 | B21: Oneil Collins | J21: =IF(OR($E21="",$E21=0),"",CEILING($E21*'Set % Engine'!$C$16,5)) | K21: =IF(OR($C21="",$C21=0),"",CEILING($C21*'Set % Engine'!$C$17,5)) | L21: =IF(OR($D21="",$D21=0),"",CEILING($D21*'Set % Engine'!$C$18,5)) | M21: =IF(OR($F21="",$F21=0),"",CEILING($F21*'Set % Engine'!$C$19,5)) | N21: =IF(OR($D21="",$D21=0),"",CEILING($D21*'Set % Engine'!$C$20,5)) | O21: =IF(OR($D21="",$D21=0),"",CEILING($D21*'Set % Engine'!$C$21,5)) | P21: =IF(OR($L21="",$L21=0),"",CEILING($L21*'Set % Engine'!$C$22,5)) | Q21: =IF(OR($F21="",$F21=0),"",CEILING($F21*'Set % Engine'!$C$23,5)) | R21: =IF(OR($G21="",$G21=0),"",CEILING($G21*'Set % Engine'!$C$24,5))
... A25: 22 | B25: Zoey Ann Plummer | J25: =IF(OR($E25="",$E25=0),"",CEILING($E25*'Set % Engine'!$C$16,5)) | K25: =IF(OR($C25="",$C25=0),"",CEILING($C25*'Set % Engine'!$C$17,5)) | L25: =IF(OR($D25="",$D25=0),"",CEILING($D25*'Set % Engine'!$C$18,5)) | M25: =IF(OR($F25="",$F25=0),"",CEILING($F25*'Set % Engine'!$C$19,5)) | N25: =IF(OR($D25="",$D25=0),"",CEILING($D25*'Set % Engine'!$C$20,5)) | O25: =IF(OR($D25="",$D25=0),"",CEILING($D25*'Set % Engine'!$C$21,5)) | P25: =IF(OR($L25="",$L25=0),"",CEILING($L25*'Set % Engine'!$C$22,5)) | Q25: =IF(OR($F25="",$F25=0),"",CEILING($F25*'Set % Engine'!$C$23,5)) | R25: =IF(OR($G25="",$G25=0),"",CEILING($G25*'Set % Engine'!$C$24,5))
A26: 23 | J26: =IF(OR($E26="",$E26=0),"",CEILING($E26*'Set % Engine'!$C$16,5)) | K26: =IF(OR($C26="",$C26=0),"",CEILING($C26*'Set % Engine'!$C$17,5)) | L26: =IF(OR($D26="",$D26=0),"",CEILING($D26*'Set % Engine'!$C$18,5)) | M26: =IF(OR($F26="",$F26=0),"",CEILING($F26*'Set % Engine'!$C$19,5)) | N26: =IF(OR($D26="",$D26=0),"",CEILING($D26*'Set % Engine'!$C$20,5)) | O26: =IF(OR($D26="",$D26=0),"",CEILING($D26*'Set % Engine'!$C$21,5)) | P26: =IF(OR($L26="",$L26=0),"",CEILING($L26*'Set % Engine'!$C$22,5)) | Q26: =IF(OR($F26="",$F26=0),"",CEILING($F26*'Set % Engine'!$C$23,5)) | R26: =IF(OR($G26="",$G26=0),"",CEILING($G26*'Set % Engine'!$C$24,5))
A27: 24 | J27: =IF(OR($E27="",$E27=0),"",CEILING($E27*'Set % Engine'!$C$16,5)) | K27: =IF(OR($C27="",$C27=0),"",CEILING($C27*'Set % Engine'!$C$17,5)) | L27: =IF(OR($D27="",$D27=0),"",CEILING($D27*'Set % Engine'!$C$18,5)) | M27: =IF(OR($F27="",$F27=0),"",CEILING($F27*'Set % Engine'!$C$19,5)) | N27: =IF(OR($D27="",$D27=0),"",CEILING($D27*'Set % Engine'!$C$20,5)) | O27: =IF(OR($D27="",$D27=0),"",CEILING($D27*'Set % Engine'!$C$21,5)) | P27: =IF(OR($L27="",$L27=0),"",CEILING($L27*'Set % Engine'!$C$22,5)) | Q27: =IF(OR($F27="",$F27=0),"",CEILING($F27*'Set % Engine'!$C$23,5)) | R27: =IF(OR($G27="",$G27=0),"",CEILING($G27*'Set % Engine'!$C$24,5))
A28: 25 | J28: =IF(OR($E28="",$E28=0),"",CEILING($E28*'Set % Engine'!$C$16,5)) | K28: =IF(OR($C28="",$C28=0),"",CEILING($C28*'Set % Engine'!$C$17,5)) | L28: =IF(OR($D28="",$D28=0),"",CEILING($D28*'Set % Engine'!$C$18,5)) | M28: =IF(OR($F28="",$F28=0),"",CEILING($F28*'Set % Engine'!$C$19,5)) | N28: =IF(OR($D28="",$D28=0),"",CEILING($D28*'Set % Engine'!$C$20,5)) | O28: =IF(OR($D28="",$D28=0),"",CEILING($D28*'Set % Engine'!$C$21,5)) | P28: =IF(OR($L28="",$L28=0),"",CEILING($L28*'Set % Engine'!$C$22,5)) | Q28: =IF(OR($F28="",$F28=0),"",CEILING($F28*'Set % Engine'!$C$23,5)) | R28: =IF(OR($G28="",$G28=0),"",CEILING($G28*'Set % Engine'!$C$24,5))
A29: 26 | J29: =IF(OR($E29="",$E29=0),"",CEILING($E29*'Set % Engine'!$C$16,5)) | K29: =IF(OR($C29="",$C29=0),"",CEILING($C29*'Set % Engine'!$C$17,5)) | L29: =IF(OR($D29="",$D29=0),"",CEILING($D29*'Set % Engine'!$C$18,5)) | M29: =IF(OR($F29="",$F29=0),"",CEILING($F29*'Set % Engine'!$C$19,5)) | N29: =IF(OR($D29="",$D29=0),"",CEILING($D29*'Set % Engine'!$C$20,5)) | O29: =IF(OR($D29="",$D29=0),"",CEILING($D29*'Set % Engine'!$C$21,5)) | P29: =IF(OR($L29="",$L29=0),"",CEILING($L29*'Set % Engine'!$C$22,5)) | Q29: =IF(OR($F29="",$F29=0),"",CEILING($F29*'Set % Engine'!$C$23,5)) | R29: =IF(OR($G29="",$G29=0),"",CEILING($G29*'Set % Engine'!$C$24,5))
A30: 27 | J30: =IF(OR($E30="",$E30=0),"",CEILING($E30*'Set % Engine'!$C$16,5)) | K30: =IF(OR($C30="",$C30=0),"",CEILING($C30*'Set % Engine'!$C$17,5)) | L30: =IF(OR($D30="",$D30=0),"",CEILING($D30*'Set % Engine'!$C$18,5)) | M30: =IF(OR($F30="",$F30=0),"",CEILING($F30*'Set % Engine'!$C$19,5)) | N30: =IF(OR($D30="",$D30=0),"",CEILING($D30*'Set % Engine'!$C$20,5)) | O30: =IF(OR($D30="",$D30=0),"",CEILING($D30*'Set % Engine'!$C$21,5)) | P30: =IF(OR($L30="",$L30=0),"",CEILING($L30*'Set % Engine'!$C$22,5)) | Q30: =IF(OR($F30="",$F30=0),"",CEILING($F30*'Set % Engine'!$C$23,5)) | R30: =IF(OR($G30="",$G30=0),"",CEILING($G30*'Set % Engine'!$C$24,5))
A31: 28 | J31: =IF(OR($E31="",$E31=0),"",CEILING($E31*'Set % Engine'!$C$16,5)) | K31: =IF(OR($C31="",$C31=0),"",CEILING($C31*'Set % Engine'!$C$17,5)) | L31: =IF(OR($D31="",$D31=0),"",CEILING($D31*'Set % Engine'!$C$18,5)) | M31: =IF(OR($F31="",$F31=0),"",CEILING($F31*'Set % Engine'!$C$19,5)) | N31: =IF(OR($D31="",$D31=0),"",CEILING($D31*'Set % Engine'!$C$20,5)) | O31: =IF(OR($D31="",$D31=0),"",CEILING($D31*'Set % Engine'!$C$21,5)) | P31: =IF(OR($L31="",$L31=0),"",CEILING($L31*'Set % Engine'!$C$22,5)) | Q31: =IF(OR($F31="",$F31=0),"",CEILING($F31*'Set % Engine'!$C$23,5)) | R31: =IF(OR($G31="",$G31=0),"",CEILING($G31*'Set % Engine'!$C$24,5))
A32: 29 | J32: =IF(OR($E32="",$E32=0),"",CEILING($E32*'Set % Engine'!$C$16,5)) | K32: =IF(OR($C32="",$C32=0),"",CEILING($C32*'Set % Engine'!$C$17,5)) | L32: =IF(OR($D32="",$D32=0),"",CEILING($D32*'Set % Engine'!$C$18,5)) | M32: =IF(OR($F32="",$F32=0),"",CEILING($F32*'Set % Engine'!$C$19,5)) | N32: =IF(OR($D32="",$D32=0),"",CEILING($D32*'Set % Engine'!$C$20,5)) | O32: =IF(OR($D32="",$D32=0),"",CEILING($D32*'Set % Engine'!$C$21,5)) | P32: =IF(OR($L32="",$L32=0),"",CEILING($L32*'Set % Engine'!$C$22,5)) | Q32: =IF(OR($F32="",$F32=0),"",CEILING($F32*'Set % Engine'!$C$23,5)) | R32: =IF(OR($G32="",$G32=0),"",CEILING($G32*'Set % Engine'!$C$24,5))
A33: 30 | J33: =IF(OR($E33="",$E33=0),"",CEILING($E33*'Set % Engine'!$C$16,5)) | K33: =IF(OR($C33="",$C33=0),"",CEILING($C33*'Set % Engine'!$C$17,5)) | L33: =IF(OR($D33="",$D33=0),"",CEILING($D33*'Set % Engine'!$C$18,5)) | M33: =IF(OR($F33="",$F33=0),"",CEILING($F33*'Set % Engine'!$C$19,5)) | N33: =IF(OR($D33="",$D33=0),"",CEILING($D33*'Set % Engine'!$C$20,5)) | O33: =IF(OR($D33="",$D33=0),"",CEILING($D33*'Set % Engine'!$C$21,5)) | P33: =IF(OR($L33="",$L33=0),"",CEILING($L33*'Set % Engine'!$C$22,5)) | Q33: =IF(OR($F33="",$F33=0),"",CEILING($F33*'Set % Engine'!$C$23,5)) | R33: =IF(OR($G33="",$G33=0),"",CEILING($G33*'Set % Engine'!$C$24,5))
A34: 31 | J34: =IF(OR($E34="",$E34=0),"",CEILING($E34*'Set % Engine'!$C$16,5)) | K34: =IF(OR($C34="",$C34=0),"",CEILING($C34*'Set % Engine'!$C$17,5)) | L34: =IF(OR($D34="",$D34=0),"",CEILING($D34*'Set % Engine'!$C$18,5)) | M34: =IF(OR($F34="",$F34=0),"",CEILING($F34*'Set % Engine'!$C$19,5)) | N34: =IF(OR($D34="",$D34=0),"",CEILING($D34*'Set % Engine'!$C$20,5)) | O34: =IF(OR($D34="",$D34=0),"",CEILING($D34*'Set % Engine'!$C$21,5)) | P34: =IF(OR($L34="",$L34=0),"",CEILING($L34*'Set % Engine'!$C$22,5)) | Q34: =IF(OR($F34="",$F34=0),"",CEILING($F34*'Set % Engine'!$C$23,5)) | R34: =IF(OR($G34="",$G34=0),"",CEILING($G34*'Set % Engine'!$C$24,5))
A35: 32 | J35: =IF(OR($E35="",$E35=0),"",CEILING($E35*'Set % Engine'!$C$16,5)) | K35: =IF(OR($C35="",$C35=0),"",CEILING($C35*'Set % Engine'!$C$17,5)) | L35: =IF(OR($D35="",$D35=0),"",CEILING($D35*'Set % Engine'!$C$18,5)) | M35: =IF(OR($F35="",$F35=0),"",CEILING($F35*'Set % Engine'!$C$19,5)) | N35: =IF(OR($D35="",$D35=0),"",CEILING($D35*'Set % Engine'!$C$20,5)) | O35: =IF(OR($D35="",$D35=0),"",CEILING($D35*'Set % Engine'!$C$21,5)) | P35: =IF(OR($L35="",$L35=0),"",CEILING($L35*'Set % Engine'!$C$22,5)) | Q35: =IF(OR($F35="",$F35=0),"",CEILING($F35*'Set % Engine'!$C$23,5)) | R35: =IF(OR($G35="",$G35=0),"",CEILING($G35*'Set % Engine'!$C$24,5))
A36: 33 | J36: =IF(OR($E36="",$E36=0),"",CEILING($E36*'Set % Engine'!$C$16,5)) | K36: =IF(OR($C36="",$C36=0),"",CEILING($C36*'Set % Engine'!$C$17,5)) | L36: =IF(OR($D36="",$D36=0),"",CEILING($D36*'Set % Engine'!$C$18,5)) | M36: =IF(OR($F36="",$F36=0),"",CEILING($F36*'Set % Engine'!$C$19,5)) | N36: =IF(OR($D36="",$D36=0),"",CEILING($D36*'Set % Engine'!$C$20,5)) | O36: =IF(OR($D36="",$D36=0),"",CEILING($D36*'Set % Engine'!$C$21,5)) | P36: =IF(OR($L36="",$L36=0),"",CEILING($L36*'Set % Engine'!$C$22,5)) | Q36: =IF(OR($F36="",$F36=0),"",CEILING($F36*'Set % Engine'!$C$23,5)) | R36: =IF(OR($G36="",$G36=0),"",CEILING($G36*'Set % Engine'!$C$24,5))
A37: 34 | J37: =IF(OR($E37="",$E37=0),"",CEILING($E37*'Set % Engine'!$C$16,5)) | K37: =IF(OR($C37="",$C37=0),"",CEILING($C37*'Set % Engine'!$C$17,5)) | L37: =IF(OR($D37="",$D37=0),"",CEILING($D37*'Set % Engine'!$C$18,5)) | M37: =IF(OR($F37="",$F37=0),"",CEILING($F37*'Set % Engine'!$C$19,5)) | N37: =IF(OR($D37="",$D37=0),"",CEILING($D37*'Set % Engine'!$C$20,5)) | O37: =IF(OR($D37="",$D37=0),"",CEILING($D37*'Set % Engine'!$C$21,5)) | P37: =IF(OR($L37="",$L37=0),"",CEILING($L37*'Set % Engine'!$C$22,5)) | Q37: =IF(OR($F37="",$F37=0),"",CEILING($F37*'Set % Engine'!$C$23,5)) | R37: =IF(OR($G37="",$G37=0),"",CEILING($G37*'Set % Engine'!$C$24,5))
... A43: 40 | J43: =IF(OR($E43="",$E43=0),"",CEILING($E43*'Set % Engine'!$C$16,5)) | K43: =IF(OR($C43="",$C43=0),"",CEILING($C43*'Set % Engine'!$C$17,5)) | L43: =IF(OR($D43="",$D43=0),"",CEILING($D43*'Set % Engine'!$C$18,5)) | M43: =IF(OR($F43="",$F43=0),"",CEILING($F43*'Set % Engine'!$C$19,5)) | N43: =IF(OR($D43="",$D43=0),"",CEILING($D43*'Set % Engine'!$C$20,5)) | O43: =IF(OR($D43="",$D43=0),"",CEILING($D43*'Set % Engine'!$C$21,5)) | P43: =IF(OR($L43="",$L43=0),"",CEILING($L43*'Set % Engine'!$C$22,5)) | Q43: =IF(OR($F43="",$F43=0),"",CEILING($F43*'Set % Engine'!$C$23,5)) | R43: =IF(OR($G43="",$G43=0),"",CEILING($G43*'Set % Engine'!$C$24,5))
A45: Tested lifts (blue) come from max testing. Derived lifts calculate automatically — missing maxes simply stay blank instead of showing error codes.

Sheet Workout Generator
A1: WORKOUT GENERATOR — MESO 1 (4 weeks, 4 lift days)
A3: Select Athlete: | B3: Adonay Fearon | C3: LIFT DAYS: MON / TUES / THUR / FRI
A5: MAXES | B5: WIDE BENCH PRESS | C5: BACK PRESS | D5: SQUATS | E5: CLEANS | F5: SNATCH | G5: DEADLIFTS | H5: FRONT SQUATS | I5: INCLINE BENCH | J5: FRONT PRESS | K5: CLEAN PRESS, BACK PRESS | L5: OHEAD SQUAT | M5: SQUAT TO BACK PRESS | N5: FRONT SQUAT TO PRESS | O5: CLEAN HI PULL | P5: SNATCH PULL
A6: (lbs) | B6: =IF($B$3="","",IFERROR(INDEX('Max Master'!$C$4:$C$43,MATCH($B$3,'Max Master'!$B$4:$B$43,0)),"")) -> 235 | C6: =IF($B$3="","",IFERROR(INDEX('Max Master'!$D$4:$D$43,MATCH($B$3,'Max Master'!$B$4:$B$43,0)),"")) -> 210 | D6: =IF($B$3="","",IFERROR(INDEX('Max Master'!$E$4:$E$43,MATCH($B$3,'Max Master'!$B$4:$B$43,0)),"")) -> 315 | E6: =IF($B$3="","",IFERROR(INDEX('Max Master'!$F$4:$F$43,MATCH($B$3,'Max Master'!$B$4:$B$43,0)),"")) -> 135 | F6: =IF($B$3="","",IFERROR(INDEX('Max Master'!$G$4:$G$43,MATCH($B$3,'Max Master'!$B$4:$B$43,0)),"")) -> 85 | G6: =IF($B$3="","",IFERROR(INDEX('Max Master'!$H$4:$H$43,MATCH($B$3,'Max Master'!$B$4:$B$43,0)),"")) -> 200 | H6: =IF($B$3="","",IFERROR(INDEX('Max Master'!$J$4:$J$43,MATCH($B$3,'Max Master'!$B$4:$B$43,0)),"")) -> 255 | I6: =IF($B$3="","",IFERROR(INDEX('Max Master'!$K$4:$K$43,MATCH($B$3,'Max Master'!$B$4:$B$43,0)),"")) -> 190 | J6: =IF($B$3="","",IFERROR(INDEX('Max Master'!$L$4:$L$43,MATCH($B$3,'Max Master'!$B$4:$B$43,0)),"")) -> 170 | K6: =IF($B$3="","",IFERROR(INDEX('Max Master'!$M$4:$M$43,MATCH($B$3,'Max Master'!$B$4:$B$43,0)),"")) -> 110 | L6: =IF($B$3="","",IFERROR(INDEX('Max Master'!$N$4:$N$43,MATCH($B$3,'Max Master'!$B$4:$B$43,0)),"")) -> 170 | M6: =IF($B$3="","",IFERROR(INDEX('Max Master'!$O$4:$O$43,MATCH($B$3,'Max Master'!$B$4:$B$43,0)),"")) -> 170 | N6: =IF($B$3="","",IFERROR(INDEX('Max Master'!$P$4:$P$43,MATCH($B$3,'Max Master'!$B$4:$B$43,0)),"")) -> 140 | O6: =IF($B$3="","",IFERROR(INDEX('Max Master'!$Q$4:$Q$43,MATCH($B$3,'Max Master'!$B$4:$B$43,0)),"")) -> 160 | P6: =IF($B$3="","",IFERROR(INDEX('Max Master'!$R$4:$R$43,MATCH($B$3,'Max Master'!$B$4:$B$43,0)),"")) -> 100
B8: WEEK 1 | C8: WEEK 2 | D8: WEEK 3 | E8: WEEK 4
A9: Reps | B9: ='Set % Engine'!B5 -> 5 x 8, 8, 6, 6, 4 | C9: ='Set % Engine'!C5 -> 5 x 5 | D9: ='Set % Engine'!D5 -> 5 x 3 / 4 x 4 | E9: ='Set % Engine'!E5 -> 2 x 3 / 3 x 1
A10: Intensity | B10: ='Set % Engine'!B4 -> 0.9 | C10: ='Set % Engine'!C4 -> 0.85 | D10: ='Set % Engine'!D4 -> 0.82 | E10: ='Set % Engine'!E4 -> 0.95
A12: DAY 1 | B12: SQUATS | C12: WIDE BENCH PRESS | D12: SQUATS | E12: WIDE BENCH PRESS
A13: Set 1 | B13: =IFERROR(CEILING(HLOOKUP(B$12,$B$5:$P$6,2,FALSE())*'Set % Engine'!B$4*'Set % Engine'!B$7,5),"") -> 230 | C13: =IFERROR(CEILING(HLOOKUP(C$12,$B$5:$P$6,2,FALSE())*'Set % Engine'!C$4*'Set % Engine'!C$7,5),"") -> 160 | D13: =IFERROR(CEILING(HLOOKUP(D$12,$B$5:$P$6,2,FALSE())*'Set % Engine'!D$4*'Set % Engine'!D$7,5),"") -> 215 | E13: =IFERROR(CEILING(HLOOKUP(E$12,$B$5:$P$6,2,FALSE())*'Set % Engine'!E$4*'Set % Engine'!E$7,5),"") -> 195
A14: Set 2 | B14: =IFERROR(CEILING(HLOOKUP(B$12,$B$5:$P$6,2,FALSE())*'Set % Engine'!B$4*'Set % Engine'!B$8,5),"") -> 205 | C14: =IFERROR(CEILING(HLOOKUP(C$12,$B$5:$P$6,2,FALSE())*'Set % Engine'!C$4*'Set % Engine'!C$8,5),"") -> 145 | D14: =IFERROR(CEILING(HLOOKUP(D$12,$B$5:$P$6,2,FALSE())*'Set % Engine'!D$4*'Set % Engine'!D$8,5),"") -> 195 | E14: =IFERROR(CEILING(HLOOKUP(E$12,$B$5:$P$6,2,FALSE())*'Set % Engine'!E$4*'Set % Engine'!E$8,5),"") -> 175
A15: Set 3 | B15: =IFERROR(CEILING(HLOOKUP(B$12,$B$5:$P$6,2,FALSE())*'Set % Engine'!B$4*'Set % Engine'!B$9,5),"") -> 185 | C15: =IFERROR(CEILING(HLOOKUP(C$12,$B$5:$P$6,2,FALSE())*'Set % Engine'!C$4*'Set % Engine'!C$9,5),"") -> 145 | D15: =IFERROR(CEILING(HLOOKUP(D$12,$B$5:$P$6,2,FALSE())*'Set % Engine'!D$4*'Set % Engine'!D$9,5),"") -> 175 | E15: =IFERROR(CEILING(HLOOKUP(E$12,$B$5:$P$6,2,FALSE())*'Set % Engine'!E$4*'Set % Engine'!E$9,5),"") -> 180
A16: Set 4 | B16: =IFERROR(CEILING(HLOOKUP(B$12,$B$5:$P$6,2,FALSE())*'Set % Engine'!B$4*'Set % Engine'!B$10,5),"") -> 205 | C16: =IFERROR(CEILING(HLOOKUP(C$12,$B$5:$P$6,2,FALSE())*'Set % Engine'!C$4*'Set % Engine'!C$10,5),"") -> 155 | D16: =IFERROR(CEILING(HLOOKUP(D$12,$B$5:$P$6,2,FALSE())*'Set % Engine'!D$4*'Set % Engine'!D$10,5),"") -> 190 | E16: =IFERROR(CEILING(HLOOKUP(E$12,$B$5:$P$6,2,FALSE())*'Set % Engine'!E$4*'Set % Engine'!E$10,5),"") -> 200
A17: Set 5 | B17: =IFERROR(CEILING(HLOOKUP(B$12,$B$5:$P$6,2,FALSE())*'Set % Engine'!B$4*'Set % Engine'!B$11,5),"") -> 225 | C17: =IFERROR(CEILING(HLOOKUP(C$12,$B$5:$P$6,2,FALSE())*'Set % Engine'!C$4*'Set % Engine'!C$11,5),"") -> 160 | D17: =IFERROR(CEILING(HLOOKUP(D$12,$B$5:$P$6,2,FALSE())*'Set % Engine'!D$4*'Set % Engine'!D$11,5),"") -> 210 | E17: =IFERROR(CEILING(HLOOKUP(E$12,$B$5:$P$6,2,FALSE())*'Set % Engine'!E$4*'Set % Engine'!E$11,5),"") -> 205
A18: DAY 1 | B18: CLEAN PRESS, BACK PRESS | C18: FRONT SQUAT TO PRESS | D18: CLEANS | E18: CLEAN PRESS, BACK PRESS
A19: Set 1 | B19: =IFERROR(CEILING(HLOOKUP(B$18,$B$5:$P$6,2,FALSE())*'Set % Engine'!B$4*'Set % Engine'!B$7,5),"") -> 80 | C19: =IFERROR(CEILING(HLOOKUP(C$18,$B$5:$P$6,2,FALSE())*'Set % Engine'!C$4*'Set % Engine'!C$7,5),"") -> 95 | D19: =IFERROR(CEILING(HLOOKUP(D$18,$B$5:$P$6,2,FALSE())*'Set % Engine'!D$4*'Set % Engine'!D$7,5),"") -> 95 | E19: =IFERROR(CEILING(HLOOKUP(E$18,$B$5:$P$6,2,FALSE())*'Set % Engine'!E$4*'Set % Engine'!E$7,5),"") -> 95
A20: Set 2 | B20: =IFERROR(CEILING(HLOOKUP(B$18,$B$5:$P$6,2,FALSE())*'Set % Engine'!B$4*'Set % Engine'!B$8,5),"") -> 75 | C20: =IFERROR(CEILING(HLOOKUP(C$18,$B$5:$P$6,2,FALSE())*'Set % Engine'!C$4*'Set % Engine'!C$8,5),"") -> 85 | D20: =IFERROR(CEILING(HLOOKUP(D$18,$B$5:$P$6,2,FALSE())*'Set % Engine'!D$4*'Set % Engine'!D$8,5),"") -> 85 | E20: =IFERROR(CEILING(HLOOKUP(E$18,$B$5:$P$6,2,FALSE())*'Set % Engine'!E$4*'Set % Engine'!E$8,5),"") -> 85
A21: Set 3 | B21: =IFERROR(CEILING(HLOOKUP(B$18,$B$5:$P$6,2,FALSE())*'Set % Engine'!B$4*'Set % Engine'!B$9,5),"") -> 65 | C21: =IFERROR(CEILING(HLOOKUP(C$18,$B$5:$P$6,2,FALSE())*'Set % Engine'!C$4*'Set % Engine'!C$9,5),"") -> 90 | D21: =IFERROR(CEILING(HLOOKUP(D$18,$B$5:$P$6,2,FALSE())*'Set % Engine'!D$4*'Set % Engine'!D$9,5),"") -> 75 | E21: =IFERROR(CEILING(HLOOKUP(E$18,$B$5:$P$6,2,FALSE())*'Set % Engine'!E$4*'Set % Engine'!E$9,5),"") -> 85
A22: Set 4 | B22: =IFERROR(CEILING(HLOOKUP(B$18,$B$5:$P$6,2,FALSE())*'Set % Engine'!B$4*'Set % Engine'!B$10,5),"") -> 75 | C22: =IFERROR(CEILING(HLOOKUP(C$18,$B$5:$P$6,2,FALSE())*'Set % Engine'!C$4*'Set % Engine'!C$10,5),"") -> 90 | D22: =IFERROR(CEILING(HLOOKUP(D$18,$B$5:$P$6,2,FALSE())*'Set % Engine'!D$4*'Set % Engine'!D$10,5),"") -> 85 | E22: =IFERROR(CEILING(HLOOKUP(E$18,$B$5:$P$6,2,FALSE())*'Set % Engine'!E$4*'Set % Engine'!E$10,5),"") -> 95
A23: Set 5 | B23: =IFERROR(CEILING(HLOOKUP(B$18,$B$5:$P$6,2,FALSE())*'Set % Engine'!B$4*'Set % Engine'!B$11,5),"") -> 80 | C23: =IFERROR(CEILING(HLOOKUP(C$18,$B$5:$P$6,2,FALSE())*'Set % Engine'!C$4*'Set % Engine'!C$11,5),"") -> 95 | D23: =IFERROR(CEILING(HLOOKUP(D$18,$B$5:$P$6,2,FALSE())*'Set % Engine'!D$4*'Set % Engine'!D$11,5),"") -> 90 | E23: =IFERROR(CEILING(HLOOKUP(E$18,$B$5:$P$6,2,FALSE())*'Set % Engine'!E$4*'Set % Engine'!E$11,5),"") -> 95
A24: DAY 1 | B24: CLEAN HI PULL | C24: DEADLIFTS | D24: CLEAN HI PULL | E24: SQUATS
A25: Set 1 | B25: =IFERROR(CEILING(HLOOKUP(B$24,$B$5:$P$6,2,FALSE())*'Set % Engine'!B$4*'Set % Engine'!B$7,5),"") -> 120 | C25: =IFERROR(CEILING(HLOOKUP(C$24,$B$5:$P$6,2,FALSE())*'Set % Engine'!C$4*'Set % Engine'!C$7,5),"") -> 135 | D25: =IFERROR(CEILING(HLOOKUP(D$24,$B$5:$P$6,2,FALSE())*'Set % Engine'!D$4*'Set % Engine'!D$7,5),"") -> 110 | E25: =IFERROR(CEILING(HLOOKUP(E$24,$B$5:$P$6,2,FALSE())*'Set % Engine'!E$4*'Set % Engine'!E$7,5),"") -> 265
A26: Set 2 | B26: =IFERROR(CEILING(HLOOKUP(B$24,$B$5:$P$6,2,FALSE())*'Set % Engine'!B$4*'Set % Engine'!B$8,5),"") -> 105 | C26: =IFERROR(CEILING(HLOOKUP(C$24,$B$5:$P$6,2,FALSE())*'Set % Engine'!C$4*'Set % Engine'!C$8,5),"") -> 120 | D26: =IFERROR(CEILING(HLOOKUP(D$24,$B$5:$P$6,2,FALSE())*'Set % Engine'!D$4*'Set % Engine'!D$8,5),"") -> 100 | E26: =IFERROR(CEILING(HLOOKUP(E$24,$B$5:$P$6,2,FALSE())*'Set % Engine'!E$4*'Set % Engine'!E$8,5),"") -> 235
A27: Set 3 | B27: =IFERROR(CEILING(HLOOKUP(B$24,$B$5:$P$6,2,FALSE())*'Set % Engine'!B$4*'Set % Engine'!B$9,5),"") -> 95 | C27: =IFERROR(CEILING(HLOOKUP(C$24,$B$5:$P$6,2,FALSE())*'Set % Engine'!C$4*'Set % Engine'!C$9,5),"") -> 125 | D27: =IFERROR(CEILING(HLOOKUP(D$24,$B$5:$P$6,2,FALSE())*'Set % Engine'!D$4*'Set % Engine'!D$9,5),"") -> 90 | E27: =IFERROR(CEILING(HLOOKUP(E$24,$B$5:$P$6,2,FALSE())*'Set % Engine'!E$4*'Set % Engine'!E$9,5),"") -> 245
A28: Set 4 | B28: =IFERROR(CEILING(HLOOKUP(B$24,$B$5:$P$6,2,FALSE())*'Set % Engine'!B$4*'Set % Engine'!B$10,5),"") -> 105 | C28: =IFERROR(CEILING(HLOOKUP(C$24,$B$5:$P$6,2,FALSE())*'Set % Engine'!C$4*'Set % Engine'!C$10,5),"") -> 130 | D28: =IFERROR(CEILING(HLOOKUP(D$24,$B$5:$P$6,2,FALSE())*'Set % Engine'!D$4*'Set % Engine'!D$10,5),"") -> 100 | E28: =IFERROR(CEILING(HLOOKUP(E$24,$B$5:$P$6,2,FALSE())*'Set % Engine'!E$4*'Set % Engine'!E$10,5),"") -> 265
A29: Set 5 | B29: =IFERROR(CEILING(HLOOKUP(B$24,$B$5:$P$6,2,FALSE())*'Set % Engine'!B$4*'Set % Engine'!B$11,5),"") -> 115 | C29: =IFERROR(CEILING(HLOOKUP(C$24,$B$5:$P$6,2,FALSE())*'Set % Engine'!C$4*'Set % Engine'!C$11,5),"") -> 135 | D29: =IFERROR(CEILING(HLOOKUP(D$24,$B$5:$P$6,2,FALSE())*'Set % Engine'!D$4*'Set % Engine'!D$11,5),"") -> 110 | E29: =IFERROR(CEILING(HLOOKUP(E$24,$B$5:$P$6,2,FALSE())*'Set % Engine'!E$4*'Set % Engine'!E$11,5),"") -> 275
A30: DAY 2 | B30: WIDE BENCH PRESS | C30: SQUATS | D30: INCLINE BENCH | E30: CLEAN HI PULL
A31: Set 1 | B31: =IFERROR(CEILING(HLOOKUP(B$30,$B$5:$P$6,2,FALSE())*'Set % Engine'!B$4*'Set % Engine'!B$7,5),"") -> 170 | C31: =IFERROR(CEILING(HLOOKUP(C$30,$B$5:$P$6,2,FALSE())*'Set % Engine'!C$4*'Set % Engine'!C$7,5),"") -> 210 | D31: =IFERROR(CEILING(HLOOKUP(D$30,$B$5:$P$6,2,FALSE())*'Set % Engine'!D$4*'Set % Engine'!D$7,5),"") -> 130 | E31: =IFERROR(CEILING(HLOOKUP(E$30,$B$5:$P$6,2,FALSE())*'Set % Engine'!E$4*'Set % Engine'!E$7,5),"") -> 135
A32: Set 2 | B32: =IFERROR(CEILING(HLOOKUP(B$30,$B$5:$P$6,2,FALSE())*'Set % Engine'!B$4*'Set % Engine'!B$8,5),"") -> 155 | C32: =IFERROR(CEILING(HLOOKUP(C$30,$B$5:$P$6,2,FALSE())*'Set % Engine'!C$4*'Set % Engine'!C$8,5),"") -> 190 | D32: =IFERROR(CEILING(HLOOKUP(D$30,$B$5:$P$6,2,FALSE())*'Set % Engine'!D$4*'Set % Engine'!D$8,5),"") -> 115 | E32: =IFERROR(CEILING(HLOOKUP(E$30,$B$5:$P$6,2,FALSE())*'Set % Engine'!E$4*'Set % Engine'!E$8,5),"") -> 120
A33: Set 3 | B33: =IFERROR(CEILING(HLOOKUP(B$30,$B$5:$P$6,2,FALSE())*'Set % Engine'!B$4*'Set % Engine'!B$9,5),"") -> 140 | C33: =IFERROR(CEILING(HLOOKUP(C$30,$B$5:$P$6,2,FALSE())*'Set % Engine'!C$4*'Set % Engine'!C$9,5),"") -> 195 | D33: =IFERROR(CEILING(HLOOKUP(D$30,$B$5:$P$6,2,FALSE())*'Set % Engine'!D$4*'Set % Engine'!D$9,5),"") -> 105 | E33: =IFERROR(CEILING(HLOOKUP(E$30,$B$5:$P$6,2,FALSE())*'Set % Engine'!E$4*'Set % Engine'!E$9,5),"") -> 125
A34: Set 4 | B34: =IFERROR(CEILING(HLOOKUP(B$30,$B$5:$P$6,2,FALSE())*'Set % Engine'!B$4*'Set % Engine'!B$10,5),"") -> 155 | C34: =IFERROR(CEILING(HLOOKUP(C$30,$B$5:$P$6,2,FALSE())*'Set % Engine'!C$4*'Set % Engine'!C$10,5),"") -> 205 | D34: =IFERROR(CEILING(HLOOKUP(D$30,$B$5:$P$6,2,FALSE())*'Set % Engine'!D$4*'Set % Engine'!D$10,5),"") -> 115 | E34: =IFERROR(CEILING(HLOOKUP(E$30,$B$5:$P$6,2,FALSE())*'Set % Engine'!E$4*'Set % Engine'!E$10,5),"") -> 135
A35: Set 5 | B35: =IFERROR(CEILING(HLOOKUP(B$30,$B$5:$P$6,2,FALSE())*'Set % Engine'!B$4*'Set % Engine'!B$11,5),"") -> 170 | C35: =IFERROR(CEILING(HLOOKUP(C$30,$B$5:$P$6,2,FALSE())*'Set % Engine'!C$4*'Set % Engine'!C$11,5),"") -> 215 | D35: =IFERROR(CEILING(HLOOKUP(D$30,$B$5:$P$6,2,FALSE())*'Set % Engine'!D$4*'Set % Engine'!D$11,5),"") -> 130 | E35: =IFERROR(CEILING(HLOOKUP(E$30,$B$5:$P$6,2,FALSE())*'Set % Engine'!E$4*'Set % Engine'!E$11,5),"") -> 140
A36: DAY 2 | B36: CLEANS | C36: CLEANS | D36: CLEAN PRESS, BACK PRESS | E36: FRONT SQUATS
A37: Set 1 | B37: =IFERROR(CEILING(HLOOKUP(B$36,$B$5:$P$6,2,FALSE())*'Set % Engine'!B$4*'Set % Engine'!B$7,5),"") -> 100 | C37: =IFERROR(CEILING(HLOOKUP(C$36,$B$5:$P$6,2,FALSE())*'Set % Engine'!C$4*'Set % Engine'!C$7,5),"") -> 90 | D37: =IFERROR(CEILING(HLOOKUP(D$36,$B$5:$P$6,2,FALSE())*'Set % Engine'!D$4*'Set % Engine'!D$7,5),"") -> 75 | E37: =IFERROR(CEILING(HLOOKUP(E$36,$B$5:$P$6,2,FALSE())*'Set % Engine'!E$4*'Set % Engine'!E$7,5),"") -> 215
A38: Set 2 | B38: =IFERROR(CEILING(HLOOKUP(B$36,$B$5:$P$6,2,FALSE())*'Set % Engine'!B$4*'Set % Engine'!B$8,5),"") -> 90 | C38: =IFERROR(CEILING(HLOOKUP(C$36,$B$5:$P$6,2,FALSE())*'Set % Engine'!C$4*'Set % Engine'!C$8,5),"") -> 85 | D38: =IFERROR(CEILING(HLOOKUP(D$36,$B$5:$P$6,2,FALSE())*'Set % Engine'!D$4*'Set % Engine'!D$8,5),"") -> 70 | E38: =IFERROR(CEILING(HLOOKUP(E$36,$B$5:$P$6,2,FALSE())*'Set % Engine'!E$4*'Set % Engine'!E$8,5),"") -> 190
A39: Set 3 | B39: =IFERROR(CEILING(HLOOKUP(B$36,$B$5:$P$6,2,FALSE())*'Set % Engine'!B$4*'Set % Engine'!B$9,5),"") -> 80 | C39: =IFERROR(CEILING(HLOOKUP(C$36,$B$5:$P$6,2,FALSE())*'Set % Engine'!C$4*'Set % Engine'!C$9,5),"") -> 85 | D39: =IFERROR(CEILING(HLOOKUP(D$36,$B$5:$P$6,2,FALSE())*'Set % Engine'!D$4*'Set % Engine'!D$9,5),"") -> 60 | E39: =IFERROR(CEILING(HLOOKUP(E$36,$B$5:$P$6,2,FALSE())*'Set % Engine'!E$4*'Set % Engine'!E$9,5),"") -> 195
A40: Set 4 | B40: =IFERROR(CEILING(HLOOKUP(B$36,$B$5:$P$6,2,FALSE())*'Set % Engine'!B$4*'Set % Engine'!B$10,5),"") -> 90 | C40: =IFERROR(CEILING(HLOOKUP(C$36,$B$5:$P$6,2,FALSE())*'Set % Engine'!C$4*'Set % Engine'!C$10,5),"") -> 90 | D40: =IFERROR(CEILING(HLOOKUP(D$36,$B$5:$P$6,2,FALSE())*'Set % Engine'!D$4*'Set % Engine'!D$10,5),"") -> 70 | E40: =IFERROR(CEILING(HLOOKUP(E$36,$B$5:$P$6,2,FALSE())*'Set % Engine'!E$4*'Set % Engine'!E$10,5),"") -> 215
A41: Set 5 | B41: =IFERROR(CEILING(HLOOKUP(B$36,$B$5:$P$6,2,FALSE())*'Set % Engine'!B$4*'Set % Engine'!B$11,5),"") -> 100 | C41: =IFERROR(CEILING(HLOOKUP(C$36,$B$5:$P$6,2,FALSE())*'Set % Engine'!C$4*'Set % Engine'!C$11,5),"") -> 95 | D41: =IFERROR(CEILING(HLOOKUP(D$36,$B$5:$P$6,2,FALSE())*'Set % Engine'!D$4*'Set % Engine'!D$11,5),"") -> 75 | E41: =IFERROR(CEILING(HLOOKUP(E$36,$B$5:$P$6,2,FALSE())*'Set % Engine'!E$4*'Set % Engine'!E$11,5),"") -> 220
A42: DAY 3 | B42: WIDE BENCH PRESS | C42: BACK PRESS | D42: FRONT SQUAT TO PRESS | E42: DEADLIFTS
A43: Set 1 | B43: =IFERROR(CEILING(HLOOKUP(B$42,$B$5:$P$6,2,FALSE())*'Set % Engine'!B$4*'Set % Engine'!B$7,5),"") -> 170 | C43: =IFERROR(CEILING(HLOOKUP(C$42,$B$5:$P$6,2,FALSE())*'Set % Engine'!C$4*'Set % Engine'!C$7,5),"") -> 140 | D43: =IFERROR(CEILING(HLOOKUP(D$42,$B$5:$P$6,2,FALSE())*'Set % Engine'!D$4*'Set % Engine'!D$7,5),"") -> 95 | E43: =IFERROR(CEILING(HLOOKUP(E$42,$B$5:$P$6,2,FALSE())*'Set % Engine'!E$4*'Set % Engine'!E$7,5),"") -> 170
A44: Set 2 | B44: =IFERROR(CEILING(HLOOKUP(B$42,$B$5:$P$6,2,FALSE())*'Set % Engine'!B$4*'Set % Engine'!B$8,5),"") -> 155 | C44: =IFERROR(CEILING(HLOOKUP(C$42,$B$5:$P$6,2,FALSE())*'Set % Engine'!C$4*'Set % Engine'!C$8,5),"") -> 130 | D44: =IFERROR(CEILING(HLOOKUP(D$42,$B$5:$P$6,2,FALSE())*'Set % Engine'!D$4*'Set % Engine'!D$8,5),"") -> 85 | E44: =IFERROR(CEILING(HLOOKUP(E$42,$B$5:$P$6,2,FALSE())*'Set % Engine'!E$4*'Set % Engine'!E$8,5),"") -> 150
A45: Set 3 | B45: =IFERROR(CEILING(HLOOKUP(B$42,$B$5:$P$6,2,FALSE())*'Set % Engine'!B$4*'Set % Engine'!B$9,5),"") -> 140 | C45: =IFERROR(CEILING(HLOOKUP(C$42,$B$5:$P$6,2,FALSE())*'Set % Engine'!C$4*'Set % Engine'!C$9,5),"") -> 130 | D45: =IFERROR(CEILING(HLOOKUP(D$42,$B$5:$P$6,2,FALSE())*'Set % Engine'!D$4*'Set % Engine'!D$9,5),"") -> 80 | E45: =IFERROR(CEILING(HLOOKUP(E$42,$B$5:$P$6,2,FALSE())*'Set % Engine'!E$4*'Set % Engine'!E$9,5),"") -> 155
A46: Set 4 | B46: =IFERROR(CEILING(HLOOKUP(B$42,$B$5:$P$6,2,FALSE())*'Set % Engine'!B$4*'Set % Engine'!B$10,5),"") -> 155 | C46: =IFERROR(CEILING(HLOOKUP(C$42,$B$5:$P$6,2,FALSE())*'Set % Engine'!C$4*'Set % Engine'!C$10,5),"") -> 135 | D46: =IFERROR(CEILING(HLOOKUP(D$42,$B$5:$P$6,2,FALSE())*'Set % Engine'!D$4*'Set % Engine'!D$10,5),"") -> 85 | E46: =IFERROR(CEILING(HLOOKUP(E$42,$B$5:$P$6,2,FALSE())*'Set % Engine'!E$4*'Set % Engine'!E$10,5),"") -> 170
A47: Set 5 | B47: =IFERROR(CEILING(HLOOKUP(B$42,$B$5:$P$6,2,FALSE())*'Set % Engine'!B$4*'Set % Engine'!B$11,5),"") -> 170 | C47: =IFERROR(CEILING(HLOOKUP(C$42,$B$5:$P$6,2,FALSE())*'Set % Engine'!C$4*'Set % Engine'!C$11,5),"") -> 145 | D47: =IFERROR(CEILING(HLOOKUP(D$42,$B$5:$P$6,2,FALSE())*'Set % Engine'!D$4*'Set % Engine'!D$11,5),"") -> 95 | E47: =IFERROR(CEILING(HLOOKUP(E$42,$B$5:$P$6,2,FALSE())*'Set % Engine'!E$4*'Set % Engine'!E$11,5),"") -> 175
A48: DAY 3 | B48: FRONT SQUATS | C48: FRONT PRESS | D48: CLEANS | E48: BACK PRESS
A49: Set 1 | B49: =IFERROR(CEILING(HLOOKUP(B$48,$B$5:$P$6,2,FALSE())*'Set % Engine'!B$4*'Set % Engine'!B$7,5),"") -> 185 | C49: =IFERROR(CEILING(HLOOKUP(C$48,$B$5:$P$6,2,FALSE())*'Set % Engine'!C$4*'Set % Engine'!C$7,5),"") -> 115 | D49: =IFERROR(CEILING(HLOOKUP(D$48,$B$5:$P$6,2,FALSE())*'Set % Engine'!D$4*'Set % Engine'!D$7,5),"") -> 95 | E49: =IFERROR(CEILING(HLOOKUP(E$48,$B$5:$P$6,2,FALSE())*'Set % Engine'!E$4*'Set % Engine'!E$7,5),"") -> 175
A50: Set 2 | B50: =IFERROR(CEILING(HLOOKUP(B$48,$B$5:$P$6,2,FALSE())*'Set % Engine'!B$4*'Set % Engine'!B$8,5),"") -> 170 | C50: =IFERROR(CEILING(HLOOKUP(C$48,$B$5:$P$6,2,FALSE())*'Set % Engine'!C$4*'Set % Engine'!C$8,5),"") -> 105 | D50: =IFERROR(CEILING(HLOOKUP(D$48,$B$5:$P$6,2,FALSE())*'Set % Engine'!D$4*'Set % Engine'!D$8,5),"") -> 85 | E50: =IFERROR(CEILING(HLOOKUP(E$48,$B$5:$P$6,2,FALSE())*'Set % Engine'!E$4*'Set % Engine'!E$8,5),"") -> 160
A51: Set 3 | B51: =IFERROR(CEILING(HLOOKUP(B$48,$B$5:$P$6,2,FALSE())*'Set % Engine'!B$4*'Set % Engine'!B$9,5),"") -> 150 | C51: =IFERROR(CEILING(HLOOKUP(C$48,$B$5:$P$6,2,FALSE())*'Set % Engine'!C$4*'Set % Engine'!C$9,5),"") -> 105 | D51: =IFERROR(CEILING(HLOOKUP(D$48,$B$5:$P$6,2,FALSE())*'Set % Engine'!D$4*'Set % Engine'!D$9,5),"") -> 75 | E51: =IFERROR(CEILING(HLOOKUP(E$48,$B$5:$P$6,2,FALSE())*'Set % Engine'!E$4*'Set % Engine'!E$9,5),"") -> 165
A52: Set 4 | B52: =IFERROR(CEILING(HLOOKUP(B$48,$B$5:$P$6,2,FALSE())*'Set % Engine'!B$4*'Set % Engine'!B$10,5),"") -> 165 | C52: =IFERROR(CEILING(HLOOKUP(C$48,$B$5:$P$6,2,FALSE())*'Set % Engine'!C$4*'Set % Engine'!C$10,5),"") -> 110 | D52: =IFERROR(CEILING(HLOOKUP(D$48,$B$5:$P$6,2,FALSE())*'Set % Engine'!D$4*'Set % Engine'!D$10,5),"") -> 85 | E52: =IFERROR(CEILING(HLOOKUP(E$48,$B$5:$P$6,2,FALSE())*'Set % Engine'!E$4*'Set % Engine'!E$10,5),"") -> 180
A53: Set 5 | B53: =IFERROR(CEILING(HLOOKUP(B$48,$B$5:$P$6,2,FALSE())*'Set % Engine'!B$4*'Set % Engine'!B$11,5),"") -> 180 | C53: =IFERROR(CEILING(HLOOKUP(C$48,$B$5:$P$6,2,FALSE())*'Set % Engine'!C$4*'Set % Engine'!C$11,5),"") -> 115 | D53: =IFERROR(CEILING(HLOOKUP(D$48,$B$5:$P$6,2,FALSE())*'Set % Engine'!D$4*'Set % Engine'!D$11,5),"") -> 90 | E53: =IFERROR(CEILING(HLOOKUP(E$48,$B$5:$P$6,2,FALSE())*'Set % Engine'!E$4*'Set % Engine'!E$11,5),"") -> 185
A54: DAY 4 | B54: CLEANS | C54: SQUAT TO BACK PRESS | D54: WIDE BENCH PRESS | E54: WIDE BENCH PRESS
A55: Set 1 | B55: =IFERROR(CEILING(HLOOKUP(B$54,$B$5:$P$6,2,FALSE())*'Set % Engine'!B$4*'Set % Engine'!B$7,5),"") -> 100 | C55: =IFERROR(CEILING(HLOOKUP(C$54,$B$5:$P$6,2,FALSE())*'Set % Engine'!C$4*'Set % Engine'!C$7,5),"") -> 115 | D55: =IFERROR(CEILING(HLOOKUP(D$54,$B$5:$P$6,2,FALSE())*'Set % Engine'!D$4*'Set % Engine'!D$7,5),"") -> 160 | E55: =IFERROR(CEILING(HLOOKUP(E$54,$B$5:$P$6,2,FALSE())*'Set % Engine'!E$4*'Set % Engine'!E$7,5),"") -> 195
A56: Set 2 | B56: =IFERROR(CEILING(HLOOKUP(B$54,$B$5:$P$6,2,FALSE())*'Set % Engine'!B$4*'Set % Engine'!B$8,5),"") -> 90 | C56: =IFERROR(CEILING(HLOOKUP(C$54,$B$5:$P$6,2,FALSE())*'Set % Engine'!C$4*'Set % Engine'!C$8,5),"") -> 105 | D56: =IFERROR(CEILING(HLOOKUP(D$54,$B$5:$P$6,2,FALSE())*'Set % Engine'!D$4*'Set % Engine'!D$8,5),"") -> 145 | E56: =IFERROR(CEILING(HLOOKUP(E$54,$B$5:$P$6,2,FALSE())*'Set % Engine'!E$4*'Set % Engine'!E$8,5),"") -> 175
A57: Set 3 | B57: =IFERROR(CEILING(HLOOKUP(B$54,$B$5:$P$6,2,FALSE())*'Set % Engine'!B$4*'Set % Engine'!B$9,5),"") -> 80 | C57: =IFERROR(CEILING(HLOOKUP(C$54,$B$5:$P$6,2,FALSE())*'Set % Engine'!C$4*'Set % Engine'!C$9,5),"") -> 105 | D57: =IFERROR(CEILING(HLOOKUP(D$54,$B$5:$P$6,2,FALSE())*'Set % Engine'!D$4*'Set % Engine'!D$9,5),"") -> 130 | E57: =IFERROR(CEILING(HLOOKUP(E$54,$B$5:$P$6,2,FALSE())*'Set % Engine'!E$4*'Set % Engine'!E$9,5),"") -> 180
A58: Set 4 | B58: =IFERROR(CEILING(HLOOKUP(B$54,$B$5:$P$6,2,FALSE())*'Set % Engine'!B$4*'Set % Engine'!B$10,5),"") -> 90 | C58: =IFERROR(CEILING(HLOOKUP(C$54,$B$5:$P$6,2,FALSE())*'Set % Engine'!C$4*'Set % Engine'!C$10,5),"") -> 110 | D58: =IFERROR(CEILING(HLOOKUP(D$54,$B$5:$P$6,2,FALSE())*'Set % Engine'!D$4*'Set % Engine'!D$10,5),"") -> 145 | E58: =IFERROR(CEILING(HLOOKUP(E$54,$B$5:$P$6,2,FALSE())*'Set % Engine'!E$4*'Set % Engine'!E$10,5),"") -> 200
A59: Set 5 | B59: =IFERROR(CEILING(HLOOKUP(B$54,$B$5:$P$6,2,FALSE())*'Set % Engine'!B$4*'Set % Engine'!B$11,5),"") -> 100 | C59: =IFERROR(CEILING(HLOOKUP(C$54,$B$5:$P$6,2,FALSE())*'Set % Engine'!C$4*'Set % Engine'!C$11,5),"") -> 115 | D59: =IFERROR(CEILING(HLOOKUP(D$54,$B$5:$P$6,2,FALSE())*'Set % Engine'!D$4*'Set % Engine'!D$11,5),"") -> 155 | E59: =IFERROR(CEILING(HLOOKUP(E$54,$B$5:$P$6,2,FALSE())*'Set % Engine'!E$4*'Set % Engine'!E$11,5),"") -> 205
A60: DAY 4 | B60: CLEAN HI PULL | C60: WIDE BENCH PRESS | D60: SNATCH PULL | E60: CLEAN PRESS, BACK PRESS
A61: Set 1 | B61: =IFERROR(CEILING(HLOOKUP(B$60,$B$5:$P$6,2,FALSE())*'Set % Engine'!B$4*'Set % Engine'!B$7,5),"") -> 120 | C61: =IFERROR(CEILING(HLOOKUP(C$60,$B$5:$P$6,2,FALSE())*'Set % Engine'!C$4*'Set % Engine'!C$7,5),"") -> 160 | D61: =IFERROR(CEILING(HLOOKUP(D$60,$B$5:$P$6,2,FALSE())*'Set % Engine'!D$4*'Set % Engine'!D$7,5),"") -> 70 | E61: =IFERROR(CEILING(HLOOKUP(E$60,$B$5:$P$6,2,FALSE())*'Set % Engine'!E$4*'Set % Engine'!E$7,5),"") -> 95
A62: Set 2 | B62: =IFERROR(CEILING(HLOOKUP(B$60,$B$5:$P$6,2,FALSE())*'Set % Engine'!B$4*'Set % Engine'!B$8,5),"") -> 105 | C62: =IFERROR(CEILING(HLOOKUP(C$60,$B$5:$P$6,2,FALSE())*'Set % Engine'!C$4*'Set % Engine'!C$8,5),"") -> 145 | D62: =IFERROR(CEILING(HLOOKUP(D$60,$B$5:$P$6,2,FALSE())*'Set % Engine'!D$4*'Set % Engine'!D$8,5),"") -> 65 | E62: =IFERROR(CEILING(HLOOKUP(E$60,$B$5:$P$6,2,FALSE())*'Set % Engine'!E$4*'Set % Engine'!E$8,5),"") -> 85
A63: Set 3 | B63: =IFERROR(CEILING(HLOOKUP(B$60,$B$5:$P$6,2,FALSE())*'Set % Engine'!B$4*'Set % Engine'!B$9,5),"") -> 95 | C63: =IFERROR(CEILING(HLOOKUP(C$60,$B$5:$P$6,2,FALSE())*'Set % Engine'!C$4*'Set % Engine'!C$9,5),"") -> 145 | D63: =IFERROR(CEILING(HLOOKUP(D$60,$B$5:$P$6,2,FALSE())*'Set % Engine'!D$4*'Set % Engine'!D$9,5),"") -> 55 | E63: =IFERROR(CEILING(HLOOKUP(E$60,$B$5:$P$6,2,FALSE())*'Set % Engine'!E$4*'Set % Engine'!E$9,5),"") -> 85
A64: Set 4 | B64: =IFERROR(CEILING(HLOOKUP(B$60,$B$5:$P$6,2,FALSE())*'Set % Engine'!B$4*'Set % Engine'!B$10,5),"") -> 105 | C64: =IFERROR(CEILING(HLOOKUP(C$60,$B$5:$P$6,2,FALSE())*'Set % Engine'!C$4*'Set % Engine'!C$10,5),"") -> 155 | D64: =IFERROR(CEILING(HLOOKUP(D$60,$B$5:$P$6,2,FALSE())*'Set % Engine'!D$4*'Set % Engine'!D$10,5),"") -> 60 | E64: =IFERROR(CEILING(HLOOKUP(E$60,$B$5:$P$6,2,FALSE())*'Set % Engine'!E$4*'Set % Engine'!E$10,5),"") -> 95
A65: Set 5 | B65: =IFERROR(CEILING(HLOOKUP(B$60,$B$5:$P$6,2,FALSE())*'Set % Engine'!B$4*'Set % Engine'!B$11,5),"") -> 115 | C65: =IFERROR(CEILING(HLOOKUP(C$60,$B$5:$P$6,2,FALSE())*'Set % Engine'!C$4*'Set % Engine'!C$11,5),"") -> 160 | D65: =IFERROR(CEILING(HLOOKUP(D$60,$B$5:$P$6,2,FALSE())*'Set % Engine'!D$4*'Set % Engine'!D$11,5),"") -> 70 | E65: =IFERROR(CEILING(HLOOKUP(E$60,$B$5:$P$6,2,FALSE())*'Set % Engine'!E$4*'Set % Engine'!E$11,5),"") -> 95
A67: ANCILLARY EXERCISES (between sets / after core lifts)
A68: DAY 1 | B68: 10 PUSHUPS BETWEEN SETS (N / LH / RH / W / N) | C68: MACHINE ROWS 4 X 8 @ 70% OF BENCH | D68: OHEAD BAR TWIST 4 X 20 | E68: ROTATOR CUFF CIRCUIT 4 X 10
A69: DAY 2 | B69: 30 INCLINE BOARD ST ARM SITUPS IN BETWEEN | C69: REVERSE HYPER-EXTENSIONS 2 X 20 | D69: WEIGHTED INS AND OUTS 2 X 20 EACH | E69: STRAIGHT ARM TWIST 20 EACH SIDE
A70: DAY 3 | B70: 8 PUSHUPS BETWEEN SETS (N / LH / RH / W / N) | C70: LAT PULLDOWNS 4 X 15 (80% BACK PRESS) | D70: WEIGHTED HYPER-EXTENSIONS 2 X 30 | E70: DUMBBELL SHRUGS 2 X 20
A71: DAY 4 | B71: LOW BOX JUMPS AFTER EACH SET OF SQUATS (4 JUMPS) | C71: INCLINE BOARD ST ARM SITUPS 2 X 40 | D71: WEIGHTED FRONT & SIDE RAISES 2 X 20 AFTER CLEANS | E71: IN/OUT JUMPS 2 X 20

Sheet Group Weekly Plan
A1: GROUP WEEKLY TRAINING TEMPLATE
A3: Group | B3: DAY 1 - Monday | C3: DAY 2 - Tuesday | D3: DAY 3 - Wednesday | E3: DAY 4 - Thursday | F3: DAY 5 - Friday | G3: DAY 6 - Saturday
A4: HS JUNIORS | B4: DRILLS / TECHNICAL THROWS / CORE WORK | C4: Throws / Core | D4: Hell Runs / Hurdle Mobility / Flexibility | E4: Competition | F4: DRILLS / CORE / Throws / Strength Wkout | G4: Throws / Strength Wkout
A5: HS SENIORS | B5: DRILLS / TECHNICAL THROWS / CORE WORK | C5: Throws | D5: Hell Runs / Hurdle Mobility / Flexibility | E5: Competition | F5: Lifting / DRILLS / CORE / Throws | G5: Lifting / Throws
A6: SENIORS | B6: DRILLS / TECHNICAL THROWS / CORE WORK | C6: Technical Throws / DRILLS / CORE | D6: Hell Runs / Hurdle Mobility / 12 Throws | E6: Competition | F6: DRILLS / CORE / Throws / Lifting | G6: Senior Core / Lifting / 12 Throws
A9: Wednesday supplementary (all groups): Hurdle Mobility 2 each x 10 hurdles · Drills & Throws · Core circuits (Hydrants, Bicycles, Scissors, Hip Bridges, Russian Twists, Dead Bugs).

Sheet LIFTS
A1: UpperBody | B1: LowerBody | C1: OlympicLifts | D1: Ancillary | E1: Support | F1: SpecialStrength | G1: Compound | H1: Bodyweight | I1: AbsCoreGlutes | J1: HIIT_WORKOUT | K1: MedBallMobility | L1: RBands | M1: SetRep
A2: INCLINE BENCH PRESS | B2: FULL SQUATS | C2: DEADLIFT | D2: BAR TWISTS - SEATED | E2: DUMBBELL BENCH PRESS | F2: WEIGHTED HYPEREXTENSIONS | G2: FRONT SQUAT TO PRESS | H2: EXPLOSIVE HARVARDS | I2: BUTTERFLY CRUNCH | J2: 4 X 5M BEAR CRAWL | K2: MBM - OVER UNDER | L2: DEADLIFT | M2: 1x1
A3: FRONT PRESS | B3: LEG CURL | C3: FLOOR CLEANS | D3: BAR TWISTS -STANDING | E3: DUMBBELL LUNGES | F3: WEIGHTED HIP THRUST | G3: OVERHEAD SQUATS | H3: FROG JUMPS | I3: CRUNCH, REACH TO KNEE | J3: HIGH KNEE TAPS | K3: MBM - UPPER TWIST - SHOULDERS | L3: ISO LEG CURLS | M3: 1x2
A4: BENCH PRESS - WIDE | B4: LEG CURLS / LEG EXTENSION | C4: FLOOR SNATCH | D4: CABLE ROWS | E4: DUMBBELL REVERSE LUNGES | F4: STAGGERED SQUATS - LEFT THEN RIGHT | G4: PARALLEL SQUAT TO CALF RAISE | H4: HOP, HOP, JUMP (L/R) | I4: DEAD BUG | J4: KNEE TOUCHES | K4: MBM - REVERSE TWIST | L4: LYING CHEST PRESS | M4: 1x3
A5: BENCH PRESS | B5: LEG EXTENSION | C5: HANG CLEANS | D5: DUMB BELL INS AND OUT | E5: DUMBBELL STEP UP | F5: POWER POSITION SQUATS | G5: SQUAT TO BACK PRESS | H5: HOP, HOP, STEP, JUMP (R/L) | I5: ELBOW TO KNEE | J5: KNEEL TO SQUAT | K5: MBM - HI / LO | L5: OHEAD FLYS | M5: 1x5
A6: BENCH PRESS | B6: LEG PRESS | C6: HANG SNATCH | D6: DUMB BELL SPLIT JUMPS | E6: KETTLEBELL CURTSEY SQUAT | H6: IN OUT JUMPS | I6: FIRE HYDRANTS | J6: LEG LIFTS | K6: MBM - SEATED TWIST | L6: OHEAD PRESS | M6: 2x1
A7: WIDE BENCH PRESS | B7: SEATED CALF RAISE | C7: HIP CLEANS | D7: LAT PULL DOWN | E7: KETTLEBELL GOBLET SQUAT | H7: INCLINE PUSHUPS - NORMAL | I7: FONDA'S STRAIGHT LEG | J7: MB PUSH-UPS | K7: MBM - LYING CHEST PUSH | L7: PARALLEL SQUATS | M7: 2x10
A8: BEHIND NECK PRESS | B8: STANDING CALF RAISE | C8: HIP SNATCH | D8: STANDING BAR TWISTS | E8: SQUAT JUMPS | H8: INCLINE PUSHUPS - RH | I8: GLUTE BRIDGE WITH RB BY KNEE | J8: MOUNTAIN CLIMBERS | L8: REGULAR FLYS | M8: 2x15
A9: BICEP CURLS | B9: SINGLE LEG SQUATS | D9: STANDING CALF RAISE | H9: INCLINE PUSHUPS - W | I9: GLUTEAL STRETCH | J9: REVERSE MOUNTAIN CLIMBERS | L9: REVERSE FLYS | M9: 2x2
A10: TRICEP EXTENSIONS | B10: FULL SQUAT - BACK | D10: UPRIGHT ROW | H10: PUSHUPS - LH | I10: HAND STAND, SINGLE LEG RAISE (L&R) | J10: SL DEADLIFT (L/R) | L10: ROMANIAN DEADLIFTS | M10: 2x20
B11: FRONT SQUAT | H11: PUSHUPS - NARROW | I11: HANDSTAND BRIDGE | J11: SPLIT JUMPS | L11: SL SQUATS | M11: 2x25
B12: DEADLIFT | H12: PUSHUPS - NORMAL | I12: HEEL TO CEILING | J12: STARFISH | L12: TRICEPS EXTENSION | M12: 2x3
B13: RDL | H13: PUSHUPS - RH | I13: HEEL TOUCHES | J13: STRAIGHT ARM SITUPS | L13: UPRIGHT ROWS | M13: 2x30
B14: HAMSTRING CURL | H14: PUSHUPS - W | I14: HIGH KNEES | J14: TOE TOUCHES | M14: 2x40
B15: SPLIT SQUAT | H15: SKI JUMPS | I15: HIP CIRCLES | J15: MB RUSSIAN TWISTS | M15: 2x5
B16: FORWARD LUNGES | H16: CYCLIC HOPS (R/L) | I16: HYDRANT TO FONDA | M16: 2x8
H17: SL SQUAT JUMPS (R/L) | I17: HYDRANTS / FONDA'S / HIP CIRCLES | M17: 3x1
H18: SPEED SKATER | I18: IN OUT JUMPS | M18: 3x10
H19: SPLIT JUMPS | I19: KNEE TO ELBOWS | M19: 3x12
H20: STAR JUMPS | I20: KNEE TOUCHES | M20: 3x15
H21: TRICEP DIPS | I21: KNEELING SIDE KICK | M21: 3x3
H22: TUCK JUMPS | I22: KNEELING SL LIFTS (SIDE) | M22: 3x5
H23: IN PLACE LUNGES | I23: LEG LIFTS | M23: 3x8
H24: PRISONER SQUATS | I24: LOWER TRUNK ROTATION | M24: 4x1
H25: SUPERMAN | I25: MARCHING BRIDGE | M25: 4x10
H26: 5 COUNT SUPERMAN | I26: MB TOE TOUCHES - LL | M26: 4x15
H27: POWER PUSHUPS | I27: MB TOE TOUCHES - NORMAL | M27: 4x20
H28: SQUAT WALKS | I28: MB TOE TOUCHES - RL | M28: 4x3
... H31: INCLINE PUSHUPS - NARROW | I31: PELVIC TILTS – SINGLE LEG (EACH SIDE) | M31: 4x6
I32: PLANK | M32: 4x8
I33: PLANK (ELBOW) - SINGLE LEG RAISE (L&R) | M33: 5x1
I34: PRONE, HAND ST. FLEXED KNEE, BUTT KICK | M34: 5x2
I35: RB WIDE LEG WALK | M35: 5x3
I36: REVERSE CRUNCH | M36: 5x4
I37: RUSSIAN TWIST | M37: 5x5
I38: SCISSORS | M38: 5x6
I39: SEATED LEG LIFTS | M39: 5x8
I40: SIDE PLANK (ELBOW) - SINGLE LEG RAISE | M40: 6x4
I41: SIDE PLANK (HANDSTAND) - SINGLE LEG RAISE | M41: AMRAP
I42: SIDE SWINGS
I43: SL BALANCE | M43: TimeBased
I44: SPIDERMANS | M44: 30s/15s
I45: SQUAT PUMP W RB | M45: 40s/20s
I46: ST ARM SIT-UPS | M46: 40s
I47: STARFISH | M47: 60s
I48: SUPINE, ELBOW STAND, SINGLE LEG RAISE
I49: SUPINE, HAND STAND, SINGLE LEG RAISE | M49: Compound Sets
I50: TOE TOUCHES | M50: 3x1,1,1
I51: V UPS | M51: 3x3,1,1
I52: V-SIT | M52: 3x3,3,1
I53: YOGA BIRD DOG | M53: 3x5,3,1
I54: WTD SL DEADLIFTS | M54: 3x5,3,3
I55: BICYCLES | M55: 3x5,5,3
I56: LYING LEG LIFTS | M56: 5x3,3,1,1,1
I57: LYING LIFT AND ADDUCTION | M57: 5x3,3,3,1,1
I58: STANDING LATERAL LEG LIFT | M58: 5x3,5,7,5,3
I59: REVERSE CRUNCH LL | M59: 5x5,3,3,1,1
I60: REVERSE CRUNCH RL | M60: 5x5,5,3,3,3
... I64: WIPERS | M64: 5x7,7,5,5,3
I65: SCORPION
I66: IRON CROSS
M67: 5x5 @ 75%
M68: 5x3 @ 85%
M69: 5x2 @ 90%
M70: 5x1 @ 95%

Sheet TestWeek Sched
B1: TEST WEEK / REST WEEK
B2: Monday | C2: Tuesday | D2: Wednesday | E2: Thursday | F2: Friday | G2: SATURDAY COMPETITION
B3: 44249 | C3: 44250 | D3: 44251 | E3: 44252 | F3: 44253
B4: BENCH PRESS | C4: CLEANS FROM FLOOR | D4: DEADLIFTS | E4: BACK SQUATS
B5: Overhead Back throw | C5: Standing Long Jump | D5: Pushup | E5: 30 m | F5: Stand throw - Overweight
B6: SNATCH FROM HANG (SENIORS) | C6: 3 Jump Test | D6: 1 minute St Arm Sit Ups | F6: Stand throw - Standard
C7: SL hops | F7: One Lap Test
B8: PLEASE WARM UP PROPERLY EVERY DAY. YOUR BEST EFFORTS WILL BE REQUIRED FOR WEIGHTS PLAN FOR 6 GOOD ATTEMPTS, WE ARE LOOKING FOR YOUR BEST. YOU WILL START AT 80% OF YOUR CURRENT 1RM (EG: BENCH PRESS MAX = 200 / STARTING WEIGHT 160LBS FOR 3 REPS)

Sheet Sample format
A1: MICROCYCLE
A2: Athlete Name: | B2: Katie Gordon | D2: Chronological Age: | E2: =VLOOKUP($B$2,[4]Datasheet!$B$65:$K$65,3,0) -> #N/A | F2: Training Age: years | H2: =NOW() -> 46225.521
A3: GENDER: | B3: =VLOOKUP(B$2,[4]Datasheet!$B$65:$K$65,2,0) -> #N/A | C3: PERSONAL BEST | D3: Biological Age: | H3: =H2+5 -> 46230.521
A4: Event 1: | B4: =VLOOKUP($B$2,[4]Datasheet!$B$65:$K$65,5,FALSE) -> #N/A | C4: =VLOOKUP($B$2,[4]Datasheet!$B$65:$K$65,6,FALSE) -> #N/A | D4: Season Best: | E4: =VLOOKUP($B$2,[4]Datasheet!$B$65:$K$65,7,FALSE) -> #N/A | G4: WEEK #
A5: Event 2: | C5: =VLOOKUP($B$2,[4]Datasheet!$B$65:$K$65,7,0) -> #N/A | D5: Season Best: | E5: =VLOOKUP($B$2,[4]Datasheet!$B$65:$K$65,8,FALSE) -> #N/A | G5: WEEK 3 / 4
A6: TRAIING PERIOD | B6: GENERAL PREPARATION 2 | D6: TRAINING PHASE | E6: POWER DEVELOPMENT / TECHNICAL EFFICIENCY
A7: WEEKLY GOALS | B7: IMPROVED FOOTWORK / MOVEMENT ACROSS CIRCLE / TRANSFERANCE OF POWER INTO IMPLEMENT
A8: TRAINING EMPHASIS
A10: SESSION DETAILS | B10: MONDAY | C10: TUESDAY | D10: WEDNESDAY | E10: THURSDAY | F10: FRIDAY | G10: SATURDAY | H10: SUNDAY
A11: WARM UP 1 | B11: 5 MINUTES SKIPPING | C11: 5 MINUTES SKIPPING | D11: 5 x 80m | E11: 5 MINUTES SKIPPING | F11: 5 MINUTES SKIPPING | G11: WESLEY POWELL | H11: COMPLETE REST
A12: WARM UP 2 | B12: 10 Minutes DYNAMIC STRETCHING | C12: 10 Minutes DYNAMIC STRETCHING | D12: DYNAMIC STRETCHING | E12: 10 Minutes DYNAMIC STRETCHING | F12: 10 Minutes DYNAMIC STRETCHING
B13: 90 sec between sets | C13: 90 sec between sets | E13: 90 sec between sets | F13: 90 sec between sets
A14: EXERCISE | B14: BACK SQUATS - FULL | C14: BENCH PRESS | D14: HURDLE MOBILITY | E14: FLOOR CLEANS | F14: 2 X 40 Fire Hydrants (L/R) Hip Circles (L/R) Heel to Ceiling
A15: SET / REPS | B15: 7 X 5,3,5,3,5,5,3 | C15: 7, 5, 3, 3, 5 | D15: 2 X 8 HURDLES | E15: 7 X 3
A16: 0.75 | B16: =CEILING(((HLOOKUP(B$14,$A$32:$P$33,2,FALSE))*$A$16),5) -> 265 | C16: =CEILING(((HLOOKUP(C$14,$A$32:$P$33,2,FALSE))*$A$16),5) -> 200 | D16: CORE WORK | E16: =CEILING(((HLOOKUP(E$14,$A$32:$P$33,2,FALSE))*$A$16),5) -> 135
A17: EXERCISE | B17: DB FORWARD LUNGES | C17: MACHINE ROWS | D17: 40 St Arm Sit Ups | E17: BACK PRESS | F17: 4 x 20 - Leg Extension - Nordic Curls - Single Leg Squats - DB Split Squats - DB Side Squats
A18: SET / REPS | B18: 5 EACH SIDE (AFTER EACH SET) | C18: 8 Reps after each set (AFTER EACH SET) | D18: 20 Bicycles | E18: 5 X 3
A19: EXERCISE | B19: LEG EXTENSION | C19: DB SHOULDER PRESS | D19: 40 Starfish | E19: UPRIGHT ROWS
A20: SET / REPS | B20: SL - 4 X 12 (65LB) | C20: 5 X 8 | D20: 20 Crunches | E20: 4 X 12 | F20: Abs / Core – 30 each - Reverse Crunch - St Arm Sit-Ups - Heel Touches - Bicycles - Knee Touches
A21: EXERCISE | B21: WEIGHT OHEAD LOW BOX STEP UPS QUICK | C21: ROTATOR CUFF SHRUGS SHOULDER ROTATION SMALL / LARGE CIRCLES 3 WAY FLYS | D21: 40 Superman 20 Obliques 40 Toe Touches 20 Butterfly Crunches | E21: 4 X 5 LOW HURDLE HOPS 2 X 8 FWD CONE HOPS 2 X 20m LINE HOPS
A22: SET / REPS | B22: 45lb / 35lb / 25lb 5 X 8 | C22: 2 x 15 | D22: 40 Heel touches | E22: 2 X 10 FWD & BACK JUMPS | F22: 2 x 30 Bar Twists Ohead Bar Twists
A23: EXERCISE | B23: SPRINTS | D23: 20 Knee Touches | E23: SPRINTS
A24: SET / REPS | B24: 5 X 20m / 3 min | D24: FULL BODY STRETCHING EXTENSIVE MOBILITY WORK | E24: 4 X 20m / 30m / 20m / 20m Full effort / Full Recovery
A25: RECOVERY | B25: 15 MINUTES BREAK | E25: 15 MINUTES BREAK
A26: THROWS / DRILLS | B26: WARM UP DRILLS BALL THROWS X 5 | C26: COMPETITION WARM UP | E26: WARM UP DRILLS BALL THROWS X 5 | F26: COMPETITION WARM UP
B27: 4 X 5 STANDS | C27: OVERWEIGHT | E27: 4 X 5 STANDS 4 X 4 STEP TURNS
B28: 4 X 4 STEP / 1/2 TURNS | C28: FULL EXTENSION. Working on timing ANKLE / KNEE / HIPS / ARM / Fingers | E28: Focus on full extension / staying grounded / long ball contact
B29: Focus on full extension / staying grounded / long ball contact | F29: FULL EXTENSION. Working on timing ANKLE / KNEE / HIPS / ARM / Fingers
A30: COOL DOWN | B30: 1 LAP Static stretching Lower leg emphasis / Hold for 20 count | C30: 4 x 100m Static stretching Upper Body emphasis / Hold for 20 count | D30: 5 x 80m | E30: 1 LAP Static stretching Lower leg emphasis / Hold for 20 count | F30: 4 x 100m Static stretching Upper Body emphasis / Hold for 20 count
A32: BACK PRESS | B32: BENCH PRESS | C32: FRONT PRESS | D32: INCLINE BENCH PRESS | E32: BACK SQUATS - FULL | F32: BACK SQUATS - BOX | G32: BACK SQUATS - 1/4 | H32: SINGLE LEG SQUATS | I32: SPLIT SQUAT | J32: LEG PRESS | K32: DEADLIFT | L32: FLOOR CLEANS | M32: FLOOR SNATCH | N32: HANG CLEANS | O32: HANG SNATCH | P32: FRONT SQUATS
A33: =(VLOOKUP($B$2,[4]MaxMaster!$B$2:$H$27,3,FALSE)) -> 205 | B33: =(VLOOKUP($B$2,[4]MaxMaster!$B$2:$H$27,2,FALSE)) -> 265 | C33: =CEILING(A33*0.8,5) -> 165 | D33: =CEILING(B33*0.8,5) -> 215 | E33: =(VLOOKUP($B$2,[4]MaxMaster!$B$2:$H$27,4,FALSE)) -> 350 | F33: =(VLOOKUP($B$2,[4]MaxMaster!$B$2:$H$27,4,FALSE)) -> 350 | G33: =(VLOOKUP($B$2,[4]MaxMaster!$B$2:$H$27,4,FALSE)) -> 350 | H33: =CEILING($E$33*0.6,5) -> 210 | I33: =CEILING($E$33*0.75,5) -> 265 | J33: =CEILING($E$33*1.25,5) -> 440 | K33: =(VLOOKUP($B$2,[4]MaxMaster!$B$2:$H$27,7,FALSE)) -> 280 | L33: =(VLOOKUP($B$2,[4]MaxMaster!$B$2:$H$27,5,FALSE)) -> 175 | M33: =(VLOOKUP($B$2,[4]MaxMaster!$B$2:$H$27,6,FALSE)) -> 115 | N33: =CEILING($L$33*1.15,5) -> 205 | O33: =CEILING($M$33*1.15,5) -> 135 | P33: =CEILING($E$33*0.8,5) -> 280
